game_id,period,seconds_remaining_in_period,seconds_remaining_in_game,score_diff,home_fouls,away_fouls,foul_diff,possession,home_win
0022301188,1,720.0,2880.0,0,0,0,0,0,1
0022301188,1,720.0,2880.0,0,0,0,0,0,1
0022301188,1,698.0,2858.0,0,0,0,0,0,1
0022301188,1,698.0,2858.0,0,0,0,0,0,1
0022301188,1,695.0,2855.0,0,0,0,0,1,1
0022301188,1,688.0,2848.0,0,0,0,0,1,1
0022301188,1,685.0,2845.0,0,0,0,0,0,1
0022301188,1,678.0,2838.0,0,1,0,1,0,1
0022301188,1,673.0,2833.0,0,1,0,1,0,1
0022301188,1,670.0,2830.0,0,1,0,1,1,1
0022301188,1,662.0,2822.0,2,1,0,1,1,1
0022301188,1,662.0,2822.0,2,1,1,0,1,1
0022301188,1,662.0,2822.0,3,1,1,0,1,1
0022301188,1,650.0,2810.0,3,1,1,0,0,1
0022301188,1,650.0,2810.0,3,1,1,0,0,1
0022301188,1,647.0,2807.0,3,1,1,0,1,1
0022301188,1,644.0,2804.0,5,1,1,0,1,1
0022301188,1,625.0,2785.0,5,1,1,0,0,1
0022301188,1,622.0,2782.0,5,1,1,0,1,1
0022301188,1,612.0,2772.0,8,1,1,0,1,1
0022301188,1,609.0,2769.0,8,1,1,0,1,1
0022301188,1,609.0,2769.0,8,1,1,0,1,1
0022301188,1,597.0,2757.0,8,1,1,0,0,1
0022301188,1,593.0,2753.0,8,1,1,0,1,1
0022301188,1,588.0,2748.0,8,1,1,0,1,1
0022301188,1,588.0,2748.0,8,1,1,0,1,1
0022301188,1,585.0,2745.0,6,1,1,0,0,1
0022301188,1,574.0,2734.0,9,1,1,0,1,1
0022301188,1,557.0,2717.0,9,1,1,0,0,1
0022301188,1,555.0,2715.0,9,1,1,0,1,1
0022301188,1,546.0,2706.0,11,1,1,0,1,1
0022301188,1,529.0,2689.0,9,1,1,0,0,1
0022301188,1,517.0,2677.0,11,1,1,0,1,1
0022301188,1,502.0,2662.0,11,1,2,-1,1,1
0022301188,1,502.0,2662.0,11,1,2,-1,0,1
0022301188,1,493.0,2653.0,11,1,2,-1,1,1
0022301188,1,488.0,2648.0,11,1,2,-1,1,1
0022301188,1,488.0,2648.0,13,1,2,-1,1,1
0022301188,1,477.0,2637.0,13,2,2,0,1,1
0022301188,1,477.0,2637.0,12,2,2,0,0,1
0022301188,1,477.0,2637.0,11,2,2,0,0,1
0022301188,1,470.0,2630.0,13,2,2,0,1,1
0022301188,1,460.0,2620.0,13,2,2,0,0,1
0022301188,1,460.0,2620.0,13,2,2,0,0,1
0022301188,1,443.0,2603.0,15,2,2,0,1,1
0022301188,1,435.0,2595.0,12,2,2,0,0,1
0022301188,1,429.0,2589.0,12,3,2,1,0,1
0022301188,1,429.0,2589.0,12,3,2,1,1,1
0022301188,1,429.0,2589.0,12,3,2,1,1,1
0022301188,1,429.0,2589.0,12,3,2,1,1,1
0022301188,1,421.0,2581.0,12,4,2,2,1,1
0022301188,1,421.0,2581.0,11,4,2,2,0,1
0022301188,1,421.0,2581.0,11,4,2,2,0,1
0022301188,1,421.0,2581.0,10,4,2,2,0,1
0022301188,1,409.0,2569.0,10,4,2,2,1,1
0022301188,1,409.0,2569.0,10,4,2,2,1,1
0022301188,1,404.0,2564.0,10,4,2,2,0,1
0022301188,1,402.0,2562.0,10,4,2,2,0,1
0022301188,1,402.0,2562.0,8,4,2,2,0,1
0022301188,1,377.0,2537.0,11,4,2,2,1,1
0022301188,1,362.0,2522.0,9,4,2,2,0,1
0022301188,1,346.0,2506.0,12,4,2,2,1,1
0022301188,1,336.0,2496.0,12,4,2,2,0,1
0022301188,1,336.0,2496.0,12,4,2,2,0,1
0022301188,1,333.0,2493.0,14,4,2,2,1,1
0022301188,1,318.0,2478.0,14,4,2,2,0,1
0022301188,1,315.0,2475.0,14,4,2,2,1,1
0022301188,1,311.0,2471.0,16,4,2,2,1,1
0022301188,1,310.0,2470.0,16,4,2,2,1,1
0022301188,1,310.0,2470.0,16,4,2,2,1,1
0022301188,1,310.0,2470.0,16,4,2,2,1,1
0022301188,1,295.0,2455.0,16,5,2,3,1,1
0022301188,1,286.0,2446.0,13,5,2,3,0,1
0022301188,1,273.0,2433.0,15,5,2,3,1,1
0022301188,1,249.0,2409.0,13,5,2,3,0,1
0022301188,1,225.0,2385.0,13,5,2,3,1,1
0022301188,1,222.0,2382.0,13,5,2,3,0,1
0022301188,1,219.0,2379.0,13,6,2,4,0,1
0022301188,1,219.0,2379.0,12,6,2,4,0,1
0022301188,1,219.0,2379.0,12,6,2,4,0,1
0022301188,1,219.0,2379.0,12,6,2,4,0,1
0022301188,1,219.0,2379.0,11,6,2,4,0,1
0022301188,1,202.0,2362.0,11,6,2,4,1,1
0022301188,1,202.0,2362.0,11,6,2,4,1,1
0022301188,1,199.0,2359.0,11,6,2,4,1,1
0022301188,1,199.0,2359.0,13,6,2,4,1,1
0022301188,1,186.0,2346.0,11,6,2,4,0,1
0022301188,1,163.0,2323.0,13,6,2,4,1,1
0022301188,1,153.0,2313.0,13,6,2,4,0,1
0022301188,1,150.0,2310.0,13,6,2,4,0,1
0022301188,1,150.0,2310.0,13,6,2,4,0,1
0022301188,1,150.0,2310.0,13,6,2,4,0,1
0022301188,1,144.0,2304.0,11,6,2,4,0,1
0022301188,1,135.0,2295.0,11,6,3,3,0,1
0022301188,1,135.0,2295.0,12,6,3,3,1,1
0022301188,1,135.0,2295.0,13,6,3,3,1,1
0022301188,1,125.0,2285.0,13,6,3,3,0,1
0022301188,1,121.0,2281.0,13,6,3,3,1,1
0022301188,1,105.0,2265.0,13,6,3,3,1,1
0022301188,1,93.0,2253.0,13,7,3,4,1,1
0022301188,1,93.0,2253.0,12,7,3,4,0,1
0022301188,1,93.0,2253.0,12,7,3,4,0,1
0022301188,1,93.0,2253.0,11,7,3,4,0,1
0022301188,1,85.0,2245.0,14,7,3,4,1,1
0022301188,1,76.0,2236.0,11,7,3,4,0,1
0022301188,1,63.0,2223.0,11,7,3,4,1,1
0022301188,1,60.0,2220.0,11,7,3,4,1,1
0022301188,1,58.4,2218.4,13,7,3,4,1,1
0022301188,1,46.5,2206.5,13,7,3,4,0,1
0022301188,1,46.5,2206.5,13,7,3,4,1,1
0022301188,1,33.5,2193.5,16,7,3,4,1,1
0022301188,1,28.3,2188.3,13,7,3,4,0,1
0022301188,1,5.6,2165.6,13,7,3,4,1,1
0022301188,1,1.9,2161.9,13,7,3,4,1,1
0022301188,1,1.2,2161.2,13,7,3,4,1,1
0022301188,1,1.2,2161.2,13,7,3,4,1,1
0022301188,1,1.2,2161.2,13,7,3,4,1,1
0022301188,1,0.0,2160.0,15,7,3,4,1,1
0022301188,1,0.0,2160.0,15,7,3,4,1,1
0022301188,1,0.0,2160.0,15,7,3,4,1,1
0022301188,2,720.0,2160.0,15,7,3,4,1,1
0022301188,2,707.0,2147.0,15,8,3,5,1,1
0022301188,2,707.0,2147.0,15,8,3,5,1,1
0022301188,2,695.0,2135.0,13,8,3,5,0,1
0022301188,2,680.0,2120.0,13,8,3,5,1,1
0022301188,2,680.0,2120.0,13,8,3,5,0,1
0022301188,2,673.0,2113.0,13,8,3,5,0,1
0022301188,2,669.0,2109.0,13,8,3,5,0,1
0022301188,2,669.0,2109.0,11,8,3,5,0,1
0022301188,2,661.0,2101.0,11,8,3,5,0,1
0022301188,2,654.0,2094.0,14,8,3,5,1,1
0022301188,2,634.0,2074.0,14,9,3,6,1,1
0022301188,2,634.0,2074.0,13,9,3,6,0,1
0022301188,2,634.0,2074.0,12,9,3,6,0,1
0022301188,2,619.0,2059.0,12,9,3,6,1,1
0022301188,2,616.0,2056.0,12,9,3,6,0,1
0022301188,2,607.0,2047.0,9,9,3,6,0,1
0022301188,2,597.0,2037.0,11,9,3,6,1,1
0022301188,2,579.0,2019.0,11,9,3,6,0,1
0022301188,2,576.0,2016.0,11,9,3,6,1,1
0022301188,2,572.0,2012.0,11,9,3,6,1,1
0022301188,2,569.0,2009.0,11,9,3,6,0,1
0022301188,2,566.0,2006.0,9,9,3,6,0,1
0022301188,2,553.0,1993.0,11,9,3,6,1,1
0022301188,2,537.0,1977.0,11,9,3,6,0,1
0022301188,2,533.0,1973.0,11,9,3,6,1,1
0022301188,2,520.0,1960.0,11,9,3,6,1,1
0022301188,2,520.0,1960.0,11,9,3,6,1,1
0022301188,2,518.0,1958.0,11,9,3,6,1,1
0022301188,2,516.0,1956.0,14,9,3,6,1,1
0022301188,2,490.0,1930.0,12,9,3,6,0,1
0022301188,2,463.0,1903.0,12,9,3,6,1,1
0022301188,2,455.0,1895.0,10,9,3,6,0,1
0022301188,2,455.0,1895.0,10,9,3,6,0,1
0022301188,2,455.0,1895.0,10,9,3,6,0,1
0022301188,2,455.0,1895.0,10,9,3,6,0,1
0022301188,2,455.0,1895.0,10,9,3,6,0,1
0022301188,2,455.0,1895.0,10,9,3,6,0,1
0022301188,2,455.0,1895.0,10,9,3,6,0,1
0022301188,2,455.0,1895.0,10,9,3,6,0,1
0022301188,2,455.0,1895.0,10,9,3,6,0,1
0022301188,2,455.0,1895.0,10,9,3,6,0,1
0022301188,2,433.0,1873.0,10,9,3,6,1,1
0022301188,2,433.0,1873.0,10,9,3,6,1,1
0022301188,2,429.0,1869.0,10,9,3,6,0,1
0022301188,2,421.0,1861.0,8,9,3,6,0,1
0022301188,2,421.0,1861.0,8,10,3,7,0,1
0022301188,2,421.0,1861.0,7,10,3,7,0,1
0022301188,2,408.0,1848.0,7,10,4,6,0,1
0022301188,2,408.0,1848.0,7,10,4,6,1,1
0022301188,2,408.0,1848.0,7,10,4,6,1,1
0022301188,2,408.0,1848.0,8,10,4,6,1,1
0022301188,2,393.0,1833.0,8,10,4,6,0,1
0022301188,2,393.0,1833.0,8,10,4,6,0,1
0022301188,2,390.0,1830.0,8,10,4,6,0,1
0022301188,2,389.0,1829.0,8,10,4,6,0,1
0022301188,2,389.0,1829.0,8,10,4,6,0,1
0022301188,2,384.0,1824.0,8,10,4,6,0,1
0022301188,2,384.0,1824.0,8,10,4,6,0,1
0022301188,2,373.0,1813.0,8,11,4,7,0,1
0022301188,2,373.0,1813.0,7,11,4,7,0,1
0022301188,2,373.0,1813.0,6,11,4,7,0,1
0022301188,2,373.0,1813.0,6,11,4,7,0,1
0022301188,2,373.0,1813.0,5,11,4,7,0,1
0022301188,2,363.0,1803.0,7,11,4,7,1,1
0022301188,2,350.0,1790.0,4,11,4,7,0,1
0022301188,2,330.0,1770.0,4,11,4,7,1,1
0022301188,2,328.0,1768.0,4,11,4,7,0,1
0022301188,2,321.0,1761.0,1,11,4,7,0,1
0022301188,2,303.0,1743.0,1,11,4,7,1,1
0022301188,2,302.0,1742.0,1,11,4,7,0,1
0022301188,2,290.0,1730.0,1,12,4,8,0,1
0022301188,2,290.0,1730.0,0,12,4,8,0,1
0022301188,2,290.0,1730.0,0,12,4,8,0,1
0022301188,2,289.0,1729.0,0,12,4,8,1,1
0022301188,2,278.0,1718.0,2,12,4,8,1,1
0022301188,2,266.0,1706.0,0,12,4,8,0,1
0022301188,2,259.0,1699.0,3,12,4,8,1,1
0022301188,2,244.0,1684.0,3,12,4,8,0,1
0022301188,2,244.0,1684.0,3,12,5,7,0,1
0022301188,2,234.0,1674.0,3,12,5,7,1,1
0022301188,2,232.0,1672.0,3,12,5,7,0,1
0022301188,2,224.0,1664.0,1,12,5,7,0,1
0022301188,2,217.0,1657.0,3,12,5,7,1,1
0022301188,2,217.0,1657.0,3,12,5,7,1,1
0022301188,2,217.0,1657.0,3,12,6,6,1,1
0022301188,2,217.0,1657.0,3,12,6,6,1,1
0022301188,2,216.0,1656.0,3,12,6,6,0,1
0022301188,2,209.0,1649.0,3,12,6,6,0,1
0022301188,2,209.0,1649.0,3,12,6,6,0,1
0022301188,2,207.0,1647.0,3,12,6,6,1,1
0022301188,2,203.0,1643.0,5,12,6,6,1,1
0022301188,2,203.0,1643.0,5,12,7,5,1,1
0022301188,2,203.0,1643.0,6,12,7,5,1,1
0022301188,2,192.0,1632.0,6,12,7,5,0,1
0022301188,2,189.0,1629.0,6,12,7,5,1,1
0022301188,2,186.0,1626.0,6,12,7,5,1,1
0022301188,2,181.0,1621.0,6,12,7,5,1,1
0022301188,2,180.0,1620.0,6,12,7,5,1,1
0022301188,2,180.0,1620.0,6,12,7,5,1,1
0022301188,2,180.0,1620.0,8,12,7,5,1,1
0022301188,2,180.0,1620.0,8,12,7,5,1,1
0022301188,2,180.0,1620.0,8,12,7,5,1,1
0022301188,2,170.0,1610.0,8,12,7,5,0,1
0022301188,2,170.0,1610.0,8,12,7,5,0,1
0022301188,2,163.0,1603.0,10,12,7,5,1,1
0022301188,2,146.0,1586.0,10,12,7,5,0,1
0022301188,2,144.0,1584.0,10,12,7,5,1,1
0022301188,2,126.0,1566.0,10,12,7,5,1,1
0022301188,2,123.0,1563.0,10,12,7,5,0,1
0022301188,2,116.0,1556.0,10,12,7,5,0,1
0022301188,2,113.0,1553.0,10,12,7,5,1,1
0022301188,2,100.0,1540.0,10,12,7,5,1,1
0022301188,2,97.0,1537.0,10,12,7,5,1,1
0022301188,2,96.0,1536.0,12,12,7,5,1,1
0022301188,2,96.0,1536.0,12,12,8,4,1,1
0022301188,2,96.0,1536.0,13,12,8,4,1,1
0022301188,2,85.0,1525.0,13,12,8,4,0,1
0022301188,2,85.0,1525.0,13,12,8,4,0,1
0022301188,2,81.0,1521.0,15,12,8,4,1,1
0022301188,2,71.0,1511.0,15,13,8,5,1,1
0022301188,2,71.0,1511.0,14,13,8,5,0,1
0022301188,2,71.0,1511.0,14,13,8,5,0,1
0022301188,2,71.0,1511.0,13,13,8,5,0,1
0022301188,2,63.0,1503.0,13,13,8,5,1,1
0022301188,2,63.0,1503.0,13,13,8,5,1,1
0022301188,2,58.0,1498.0,11,13,8,5,0,1
0022301188,2,41.1,1481.1,11,13,8,5,1,1
0022301188,2,37.4,1477.4,11,13,8,5,1,1
0022301188,2,36.0,1476.0,13,13,8,5,1,1
0022301188,2,28.9,1468.9,11,13,8,5,0,1
0022301188,2,8.3,1448.3,13,13,8,5,1,1
0022301188,2,8.3,1448.3,13,13,9,4,1,1
0022301188,2,8.3,1448.3,13,13,9,4,1,1
0022301188,2,8.3,1448.3,14,13,9,4,1,1
0022301188,2,0.0,1440.0,14,13,9,4,1,1
0022301188,2,0.0,1440.0,14,13,9,4,1,1
0022301188,3,720.0,1440.0,14,13,9,4,1,1
0022301188,3,698.0,1418.0,17,13,9,4,1,1
0022301188,3,682.0,1402.0,17,14,9,5,1,1
0022301188,3,682.0,1402.0,16,14,9,5,0,1
0022301188,3,682.0,1402.0,15,14,9,5,0,1
0022301188,3,669.0,1389.0,17,14,9,5,1,1
0022301188,3,653.0,1373.0,17,14,9,5,0,1
0022301188,3,651.0,1371.0,17,14,9,5,1,1
0022301188,3,632.0,1352.0,20,14,9,5,1,1
0022301188,3,616.0,1336.0,20,14,9,5,0,1
0022301188,3,616.0,1336.0,20,14,9,5,0,1
0022301188,3,606.0,1326.0,22,14,9,5,1,1
0022301188,3,591.0,1311.0,20,14,9,5,0,1
0022301188,3,569.0,1289.0,22,14,9,5,1,1
0022301188,3,558.0,1278.0,20,14,9,5,0,1
0022301188,3,545.0,1265.0,20,14,9,5,1,1
0022301188,3,541.0,1261.0,20,14,9,5,0,1
0022301188,3,535.0,1255.0,20,15,9,6,0,1
0022301188,3,535.0,1255.0,19,15,9,6,0,1
0022301188,3,535.0,1255.0,18,15,9,6,0,1
0022301188,3,535.0,1255.0,17,15,9,6,0,1
0022301188,3,520.0,1240.0,19,15,9,6,1,1
0022301188,3,504.0,1224.0,19,15,9,6,0,1
0022301188,3,500.0,1220.0,19,15,9,6,1,1
0022301188,3,493.0,1213.0,21,15,9,6,1,1
0022301188,3,485.0,1205.0,18,15,9,6,0,1
0022301188,3,461.0,1181.0,18,15,9,6,1,1
0022301188,3,459.0,1179.0,18,15,9,6,0,1
0022301188,3,451.0,1171.0,16,15,9,6,0,1
0022301188,3,448.0,1168.0,16,15,9,6,0,1
0022301188,3,439.0,1159.0,18,15,9,6,1,1
0022301188,3,423.0,1143.0,18,15,9,6,0,1
0022301188,3,422.0,1142.0,18,15,9,6,1,1
0022301188,3,409.0,1129.0,20,15,9,6,1,1
0022301188,3,390.0,1110.0,20,15,9,6,0,1
0022301188,3,390.0,1110.0,20,15,9,6,0,1
0022301188,3,387.0,1107.0,22,15,9,6,1,1
0022301188,3,387.0,1107.0,22,15,10,5,1,1
0022301188,3,387.0,1107.0,22,15,10,5,1,1
0022301188,3,387.0,1107.0,23,15,10,5,1,1
0022301188,3,372.0,1092.0,23,15,10,5,0,1
0022301188,3,372.0,1092.0,23,15,10,5,0,1
0022301188,3,372.0,1092.0,23,15,10,5,0,1
0022301188,3,369.0,1089.0,23,15,10,5,0,1
0022301188,3,364.0,1084.0,23,15,10,5,1,1
0022301188,3,359.0,1079.0,23,15,11,4,1,1
0022301188,3,352.0,1072.0,25,15,11,4,1,1
0022301188,3,339.0,1059.0,25,15,11,4,0,1
0022301188,3,336.0,1056.0,25,15,11,4,1,1
0022301188,3,328.0,1048.0,25,16,11,5,1,1
0022301188,3,328.0,1048.0,25,16,11,5,1,1
0022301188,3,328.0,1048.0,25,16,11,5,1,1
0022301188,3,312.0,1032.0,25,16,11,5,0,1
0022301188,3,306.0,1026.0,25,16,11,5,0,1
0022301188,3,306.0,1026.0,25,16,11,5,0,1
0022301188,3,301.0,1021.0,25,16,11,5,1,1
0022301188,3,291.0,1011.0,25,16,11,5,0,1
0022301188,3,288.0,1008.0,25,16,11,5,1,1
0022301188,3,286.0,1006.0,25,16,11,5,1,1
0022301188,3,285.0,1005.0,25,17,11,6,1,1
0022301188,3,276.0,996.0,25,18,11,7,1,1
0022301188,3,271.0,991.0,25,18,11,7,0,1
0022301188,3,268.0,988.0,25,18,11,7,1,1
0022301188,3,254.0,974.0,25,18,11,7,1,1
0022301188,3,254.0,974.0,25,18,11,7,1,1
0022301188,3,252.0,972.0,25,18,11,7,0,1
0022301188,3,237.0,957.0,25,18,11,7,0,1
0022301188,3,235.0,955.0,25,18,11,7,1,1
0022301188,3,235.0,955.0,25,18,12,6,1,1
0022301188,3,226.0,946.0,27,18,12,6,1,1
0022301188,3,205.0,925.0,24,18,12,6,0,1
0022301188,3,195.0,915.0,24,18,12,6,1,1
0022301188,3,191.0,911.0,24,18,12,6,0,1
0022301188,3,181.0,901.0,24,18,12,6,0,1
0022301188,3,178.0,898.0,24,18,12,6,1,1
0022301188,3,166.0,886.0,24,18,12,6,1,1
0022301188,3,161.0,881.0,24,18,12,6,1,1
0022301188,3,161.0,881.0,24,18,12,6,1,1
0022301188,3,161.0,881.0,24,18,12,6,0,1
0022301188,3,157.0,877.0,24,18,12,6,0,1
0022301188,3,154.0,874.0,24,18,12,6,1,1
0022301188,3,151.0,871.0,26,18,12,6,1,1
0022301188,3,151.0,871.0,26,18,12,6,1,1
0022301188,3,151.0,871.0,26,18,12,6,1,1
0022301188,3,151.0,871.0,26,18,12,6,1,1
0022301188,3,151.0,871.0,26,18,12,6,1,1
0022301188,3,151.0,871.0,26,18,12,6,1,1
0022301188,3,151.0,871.0,26,18,12,6,1,1
0022301188,3,151.0,871.0,26,18,12,6,1,1
0022301188,3,134.0,854.0,26,18,12,6,0,1
0022301188,3,132.0,852.0,26,18,12,6,1,1
0022301188,3,131.0,851.0,26,18,12,6,1,1
0022301188,3,119.0,839.0,26,18,12,6,0,1
0022301188,3,116.0,836.0,26,18,12,6,0,1
0022301188,3,111.0,831.0,26,18,12,6,0,1
0022301188,3,111.0,831.0,26,18,12,6,0,1
0022301188,3,105.0,825.0,28,18,12,6,1,1
0022301188,3,92.0,812.0,28,18,12,6,0,1
0022301188,3,92.0,812.0,28,18,12,6,0,1
0022301188,3,90.0,810.0,28,18,12,6,1,1
0022301188,3,86.0,806.0,30,18,12,6,1,1
0022301188,3,64.0,784.0,28,18,12,6,0,1
0022301188,3,48.8,768.8,31,18,12,6,1,1
0022301188,3,43.2,763.2,31,18,12,6,0,1
0022301188,3,39.5,759.5,31,18,12,6,1,1
0022301188,3,33.0,753.0,31,18,12,6,1,1
0022301188,3,33.0,753.0,31,18,12,6,1,1
0022301188,3,29.3,749.3,31,18,12,6,1,1
0022301188,3,29.3,749.3,31,18,12,6,1,1
0022301188,3,23.9,743.9,29,18,12,6,0,1
0022301188,3,13.0,733.0,32,18,12,6,1,1
0022301188,3,8.6,728.6,32,18,12,6,0,1
0022301188,3,0.9,720.9,32,18,12,6,1,1
0022301188,3,0.9,720.9,32,18,12,6,0,1
0022301188,3,0.0,720.0,32,18,12,6,0,1
0022301188,4,720.0,720.0,32,18,12,6,0,1
0022301188,4,704.0,704.0,30,18,12,6,0,1
0022301188,4,684.0,684.0,33,18,12,6,1,1
0022301188,4,666.0,666.0,33,19,12,7,1,1
0022301188,4,666.0,666.0,32,19,12,7,0,1
0022301188,4,666.0,666.0,31,19,12,7,0,1
0022301188,4,655.0,655.0,33,19,12,7,1,1
0022301188,4,644.0,644.0,33,19,12,7,0,1
0022301188,4,641.0,641.0,33,19,12,7,1,1
0022301188,4,634.0,634.0,36,19,12,7,1,1
0022301188,4,614.0,614.0,36,19,12,7,0,1
0022301188,4,611.0,611.0,36,19,12,7,1,1
0022301188,4,608.0,608.0,38,19,12,7,1,1
0022301188,4,608.0,608.0,38,19,12,7,1,1
0022301188,4,608.0,608.0,38,19,12,7,1,1
0022301188,4,608.0,608.0,38,19,12,7,1,1
0022301188,4,608.0,608.0,38,19,12,7,1,1
0022301188,4,596.0,596.0,35,19,12,7,0,1
0022301188,4,583.0,583.0,35,19,12,7,1,1
0022301188,4,579.0,579.0,35,19,12,7,0,1
0022301188,4,575.0,575.0,35,20,12,8,0,1
0022301188,4,574.0,574.0,32,20,12,8,0,1
0022301188,4,570.0,570.0,32,20,12,8,0,1
0022301188,4,570.0,570.0,32,20,12,8,0,1
0022301188,4,552.0,552.0,32,21,12,9,0,1
0022301188,4,552.0,552.0,32,21,12,9,1,1
0022301188,4,543.0,543.0,32,21,12,9,0,1
0022301188,4,535.0,535.0,32,21,12,9,1,1
0022301188,4,532.0,532.0,32,21,12,9,1,1
0022301188,4,529.0,529.0,34,21,12,9,1,1
0022301188,4,518.0,518.0,34,21,12,9,0,1
0022301188,4,517.0,517.0,34,21,12,9,0,1
0022301188,4,517.0,517.0,34,21,12,9,0,1
0022301188,4,517.0,517.0,34,21,12,9,0,1
0022301188,4,517.0,517.0,34,21,12,9,0,1
0022301188,4,505.0,505.0,34,21,12,9,0,1
0022301188,4,503.0,503.0,34,21,12,9,1,1
0022301188,4,496.0,496.0,37,21,12,9,1,1
0022301188,4,478.0,478.0,37,21,12,9,0,1
0022301188,4,474.0,474.0,37,21,12,9,1,1
0022301188,4,465.0,465.0,39,21,12,9,1,1
0022301188,4,450.0,450.0,39,21,12,9,0,1
0022301188,4,447.0,447.0,39,21,12,9,0,1
0022301188,4,446.0,446.0,36,21,12,9,0,1
0022301188,4,430.0,430.0,36,21,12,9,1,1
0022301188,4,430.0,430.0,36,21,12,9,1,1
0022301188,4,419.0,419.0,36,21,12,9,0,1
0022301188,4,419.0,419.0,36,21,12,9,0,1
0022301188,4,408.0,408.0,36,21,12,9,0,1
0022301188,4,408.0,408.0,36,21,12,9,0,1
0022301188,4,408.0,408.0,36,21,12,9,0,1
0022301188,4,408.0,408.0,36,21,12,9,0,1
0022301188,4,402.0,402.0,38,21,12,9,1,1
0022301188,4,384.0,384.0,36,21,12,9,0,1
0022301188,4,371.0,371.0,36,21,12,9,1,1
0022301188,4,369.0,369.0,36,21,12,9,0,1
0022301188,4,364.0,364.0,36,21,12,9,0,1
0022301188,4,364.0,364.0,36,21,12,9,0,1
0022301188,4,363.0,363.0,36,21,12,9,0,1
0022301188,4,352.0,352.0,38,21,12,9,1,1
0022301188,4,338.0,338.0,38,22,12,10,1,1
0022301188,4,326.0,326.0,38,22,12,10,0,1
0022301188,4,326.0,326.0,38,22,12,10,0,1
0022301188,4,323.0,323.0,40,22,12,10,1,1
0022301188,4,304.0,304.0,40,22,12,10,0,1
0022301188,4,301.0,301.0,40,22,12,10,1,1
0022301188,4,290.0,290.0,43,22,12,10,1,1
0022301188,4,276.0,276.0,43,23,12,11,1,1
0022301188,4,269.0,269.0,41,23,12,11,0,1
0022301188,4,250.0,250.0,41,23,12,11,1,1
0022301188,4,250.0,250.0,41,23,12,11,1,1
0022301188,4,244.0,244.0,41,23,12,11,0,1
0022301188,4,243.0,243.0,41,23,12,11,0,1
0022301188,4,232.0,232.0,41,23,12,11,0,1
0022301188,4,229.0,229.0,41,23,12,11,1,1
0022301188,4,222.0,222.0,41,23,12,11,1,1
0022301188,4,219.0,219.0,41,23,12,11,0,1
0022301188,4,215.0,215.0,39,23,12,11,0,1
0022301188,4,197.0,197.0,39,23,12,11,1,1
0022301188,4,194.0,194.0,39,23,12,11,0,1
0022301188,4,190.0,190.0,39,24,12,12,0,1
0022301188,4,190.0,190.0,39,24,12,12,0,1
0022301188,4,190.0,190.0,39,24,12,12,0,1
0022301188,4,190.0,190.0,38,24,12,12,0,1
0022301188,4,178.0,178.0,38,24,12,12,1,1
0022301188,4,176.0,176.0,38,24,12,12,0,1
0022301188,4,169.0,169.0,38,24,12,12,0,1
0022301188,4,165.0,165.0,38,24,12,12,1,1
0022301188,4,158.0,158.0,41,24,12,12,1,1
0022301188,4,138.0,138.0,41,24,12,12,0,1
0022301188,4,135.0,135.0,41,24,12,12,1,1
0022301188,4,130.0,130.0,41,24,12,12,1,1
0022301188,4,128.0,128.0,41,24,12,12,0,1
0022301188,4,104.0,104.0,41,24,12,12,0,1
0022301188,4,104.0,104.0,41,24,12,12,0,1
0022301188,4,104.0,104.0,41,24,12,12,0,1
0022301188,4,95.0,95.0,44,24,12,12,1,1
0022301188,4,80.0,80.0,42,24,12,12,0,1
0022301188,4,70.0,70.0,42,24,12,12,1,1
0022301188,4,67.0,67.0,42,24,12,12,0,1
0022301188,4,55.2,55.2,42,24,12,12,0,1
0022301188,4,54.5,54.5,42,24,12,12,0,1
0022301188,4,53.5,53.5,42,24,12,12,0,1
0022301188,4,53.0,53.0,42,24,12,12,1,1
0022301188,4,29.0,29.0,42,24,12,12,1,1
0022301188,4,5.1,5.1,42,24,12,12,0,1
0022301188,4,0.0,0.0,42,24,12,12,0,1
0022301192,1,720.0,2880.0,0,0,0,0,0,1
0022301192,1,720.0,2880.0,0,0,0,0,0,1
0022301192,1,706.0,2866.0,0,0,0,0,1,1
0022301192,1,703.0,2863.0,0,0,0,0,0,1
0022301192,1,688.0,2848.0,0,0,0,0,0,1
0022301192,1,684.0,2844.0,0,0,0,0,1,1
0022301192,1,680.0,2840.0,0,0,0,0,1,1
0022301192,1,678.0,2838.0,0,0,0,0,0,1
0022301192,1,669.0,2829.0,0,0,0,0,0,1
0022301192,1,666.0,2826.0,0,0,0,0,1,1
0022301192,1,657.0,2817.0,0,0,0,0,1,1
0022301192,1,654.0,2814.0,0,0,0,0,0,1
0022301192,1,640.0,2800.0,0,0,0,0,0,1
0022301192,1,638.0,2798.0,0,0,0,0,1,1
0022301192,1,631.0,2791.0,2,0,0,0,1,1
0022301192,1,631.0,2791.0,2,0,0,0,1,1
0022301192,1,614.0,2774.0,2,0,0,0,0,1
0022301192,1,614.0,2774.0,2,0,0,0,0,1
0022301192,1,611.0,2771.0,5,0,0,0,1,1
0022301192,1,597.0,2757.0,5,0,0,0,0,1
0022301192,1,597.0,2757.0,5,0,0,0,0,1
0022301192,1,595.0,2755.0,5,0,0,0,1,1
0022301192,1,585.0,2745.0,7,0,0,0,1,1
0022301192,1,584.0,2744.0,7,0,0,0,1,1
0022301192,1,570.0,2730.0,4,0,0,0,0,1
0022301192,1,553.0,2713.0,6,0,0,0,1,1
0022301192,1,543.0,2703.0,6,1,0,1,1,1
0022301192,1,543.0,2703.0,5,1,0,1,0,1
0022301192,1,543.0,2703.0,4,1,0,1,0,1
0022301192,1,529.0,2689.0,6,1,0,1,1,1
0022301192,1,516.0,2676.0,3,1,0,1,0,1
0022301192,1,504.0,2664.0,5,1,0,1,1,1
0022301192,1,480.0,2640.0,5,1,0,1,0,1
0022301192,1,480.0,2640.0,5,1,0,1,0,1
0022301192,1,477.0,2637.0,5,1,0,1,1,1
0022301192,1,467.0,2627.0,5,1,0,1,1,1
0022301192,1,462.0,2622.0,5,1,0,1,0,1
0022301192,1,457.0,2617.0,3,1,0,1,0,1
0022301192,1,441.0,2601.0,3,1,1,0,0,1
0022301192,1,441.0,2601.0,4,1,1,0,1,1
0022301192,1,441.0,2601.0,4,1,1,0,1,1
0022301192,1,438.0,2598.0,4,1,1,0,0,1
0022301192,1,427.0,2587.0,4,1,1,0,0,1
0022301192,1,416.0,2576.0,4,1,1,0,1,1
0022301192,1,414.0,2574.0,4,1,1,0,0,1
0022301192,1,407.0,2567.0,4,1,1,0,0,1
0022301192,1,404.0,2564.0,4,1,1,0,1,1
0022301192,1,403.0,2563.0,6,1,1,0,1,1
0022301192,1,394.0,2554.0,6,2,1,1,1,1
0022301192,1,394.0,2554.0,6,2,1,1,0,1
0022301192,1,394.0,2554.0,6,2,1,1,0,1
0022301192,1,394.0,2554.0,6,2,1,1,0,1
0022301192,1,394.0,2554.0,6,2,1,1,0,1
0022301192,1,394.0,2554.0,6,2,1,1,0,1
0022301192,1,394.0,2554.0,5,2,1,1,0,1
0022301192,1,376.0,2536.0,5,2,1,1,1,1
0022301192,1,374.0,2534.0,5,2,1,1,0,1
0022301192,1,371.0,2531.0,3,2,1,1,0,1
0022301192,1,345.0,2505.0,3,2,1,1,1,1
0022301192,1,343.0,2503.0,3,2,1,1,0,1
0022301192,1,328.0,2488.0,3,2,1,1,0,1
0022301192,1,328.0,2488.0,3,2,1,1,0,1
0022301192,1,328.0,2488.0,3,3,1,2,0,1
0022301192,1,328.0,2488.0,3,3,1,2,0,1
0022301192,1,316.0,2476.0,0,3,1,2,0,1
0022301192,1,292.0,2452.0,0,3,1,2,1,1
0022301192,1,289.0,2449.0,0,3,1,2,0,1
0022301192,1,271.0,2431.0,0,3,1,2,0,1
0022301192,1,271.0,2431.0,0,3,1,2,0,1
0022301192,1,271.0,2431.0,0,3,1,2,0,1
0022301192,1,271.0,2431.0,0,3,1,2,0,1
0022301192,1,268.0,2428.0,0,3,1,2,0,1
0022301192,1,265.0,2425.0,0,3,1,2,1,1
0022301192,1,257.0,2417.0,0,3,1,2,1,1
0022301192,1,255.0,2415.0,0,3,1,2,0,1
0022301192,1,237.0,2397.0,0,3,1,2,0,1
0022301192,1,234.0,2394.0,0,3,1,2,1,1
0022301192,1,231.0,2391.0,0,3,1,2,1,1
0022301192,1,231.0,2391.0,0,3,1,2,1,1
0022301192,1,231.0,2391.0,0,3,1,2,1,1
0022301192,1,231.0,2391.0,0,3,1,2,1,1
0022301192,1,221.0,2381.0,0,3,1,2,1,1
0022301192,1,221.0,2381.0,0,3,1,2,1,1
0022301192,1,221.0,2381.0,0,3,1,2,1,1
0022301192,1,215.0,2375.0,2,3,1,2,1,1
0022301192,1,194.0,2354.0,2,3,1,2,0,1
0022301192,1,192.0,2352.0,2,3,1,2,1,1
0022301192,1,175.0,2335.0,4,3,1,2,1,1
0022301192,1,158.0,2318.0,4,3,1,2,0,1
0022301192,1,155.0,2315.0,4,3,1,2,1,1
0022301192,1,150.0,2310.0,6,3,1,2,1,1
0022301192,1,146.0,2306.0,6,3,1,2,1,1
0022301192,1,146.0,2306.0,6,3,1,2,1,1
0022301192,1,129.0,2289.0,4,3,1,2,0,1
0022301192,1,110.0,2270.0,4,3,1,2,1,1
0022301192,1,106.0,2266.0,4,3,1,2,0,1
0022301192,1,95.0,2255.0,4,4,1,3,0,1
0022301192,1,78.0,2238.0,4,4,1,3,0,1
0022301192,1,76.0,2236.0,4,4,1,3,1,1
0022301192,1,63.0,2223.0,4,4,1,3,1,1
0022301192,1,60.0,2220.0,4,4,1,3,0,1
0022301192,1,56.7,2216.7,2,4,1,3,0,1
0022301192,1,45.5,2205.5,2,4,1,3,1,1
0022301192,1,42.6,2202.6,2,4,1,3,1,1
0022301192,1,41.5,2201.5,2,4,1,3,1,1
0022301192,1,41.5,2201.5,2,4,1,3,0,1
0022301192,1,28.9,2188.9,2,4,1,3,0,1
0022301192,1,26.5,2186.5,2,4,1,3,1,1
0022301192,1,23.1,2183.1,2,4,1,3,1,1
0022301192,1,23.1,2183.1,2,4,1,3,1,1
0022301192,1,5.1,2165.1,-1,4,1,3,0,1
0022301192,1,0.0,2160.0,-1,4,1,3,0,1
0022301192,1,0.0,2160.0,-1,4,1,3,0,1
0022301192,2,720.0,2160.0,-1,4,1,3,0,1
0022301192,2,698.0,2138.0,-1,4,1,3,0,1
0022301192,2,695.0,2135.0,-1,4,1,3,1,1
0022301192,2,687.0,2127.0,-1,4,1,3,1,1
0022301192,2,683.0,2123.0,-1,4,1,3,0,1
0022301192,2,675.0,2115.0,-3,4,1,3,0,1
0022301192,2,656.0,2096.0,-1,4,1,3,1,1
0022301192,2,631.0,2071.0,-1,4,1,3,0,1
0022301192,2,628.0,2068.0,-1,4,1,3,1,1
0022301192,2,625.0,2065.0,-1,4,1,3,1,1
0022301192,2,625.0,2065.0,-1,4,1,3,1,1
0022301192,2,625.0,2065.0,-1,4,1,3,1,1
0022301192,2,621.0,2061.0,1,4,1,3,1,1
0022301192,2,610.0,2050.0,1,5,1,4,1,1
0022301192,2,606.0,2046.0,1,5,1,4,0,1
0022301192,2,603.0,2043.0,1,5,1,4,1,1
0022301192,2,597.0,2037.0,1,5,1,4,1,1
0022301192,2,594.0,2034.0,1,5,1,4,1,1
0022301192,2,593.0,2033.0,4,5,1,4,1,1
0022301192,2,592.0,2032.0,4,5,1,4,1,1
0022301192,2,592.0,2032.0,4,5,1,4,1,1
0022301192,2,576.0,2016.0,4,5,1,4,0,1
0022301192,2,576.0,2016.0,4,5,1,4,0,1
0022301192,2,573.0,2013.0,4,5,2,3,0,1
0022301192,2,573.0,2013.0,5,5,2,3,1,1
0022301192,2,573.0,2013.0,6,5,2,3,1,1
0022301192,2,573.0,2013.0,7,5,2,3,1,1
0022301192,2,560.0,2000.0,5,5,2,3,0,1
0022301192,2,547.0,1987.0,5,5,2,3,1,1
0022301192,2,544.0,1984.0,5,5,2,3,0,1
0022301192,2,534.0,1974.0,5,5,2,3,0,1
0022301192,2,532.0,1972.0,5,5,2,3,0,1
0022301192,2,532.0,1972.0,5,5,2,3,0,1
0022301192,2,530.0,1970.0,5,5,2,3,0,1
0022301192,2,519.0,1959.0,2,5,2,3,0,1
0022301192,2,506.0,1946.0,4,5,2,3,1,1
0022301192,2,492.0,1932.0,4,5,2,3,0,1
0022301192,2,489.0,1929.0,4,5,2,3,1,1
0022301192,2,485.0,1925.0,6,5,2,3,1,1
0022301192,2,462.0,1902.0,4,5,2,3,0,1
0022301192,2,450.0,1890.0,4,5,2,3,1,1
0022301192,2,446.0,1886.0,4,5,2,3,0,1
0022301192,2,429.0,1869.0,4,5,2,3,0,1
0022301192,2,426.0,1866.0,4,5,2,3,1,1
0022301192,2,420.0,1860.0,7,5,2,3,1,1
0022301192,2,400.0,1840.0,7,5,2,3,0,1
0022301192,2,400.0,1840.0,7,5,2,3,0,1
0022301192,2,390.0,1830.0,7,5,2,3,1,1
0022301192,2,387.0,1827.0,7,5,2,3,0,1
0022301192,2,384.0,1824.0,5,5,2,3,0,1
0022301192,2,383.0,1823.0,5,5,2,3,0,1
0022301192,2,383.0,1823.0,5,5,2,3,0,1
0022301192,2,383.0,1823.0,5,5,2,3,0,1
0022301192,2,383.0,1823.0,5,5,2,3,0,1
0022301192,2,383.0,1823.0,5,5,2,3,0,1
0022301192,2,383.0,1823.0,5,5,2,3,0,1
0022301192,2,383.0,1823.0,5,5,2,3,0,1
0022301192,2,359.0,1799.0,5,5,2,3,1,1
0022301192,2,359.0,1799.0,5,5,2,3,1,1
0022301192,2,359.0,1799.0,5,5,2,3,1,1
0022301192,2,359.0,1799.0,5,5,2,3,1,1
0022301192,2,339.0,1779.0,5,5,2,3,0,1
0022301192,2,337.0,1777.0,5,5,2,3,1,1
0022301192,2,324.0,1764.0,5,5,2,3,1,1
0022301192,2,321.0,1761.0,5,5,2,3,0,1
0022301192,2,313.0,1753.0,5,5,2,3,0,1
0022301192,2,313.0,1753.0,5,5,2,3,0,1
0022301192,2,310.0,1750.0,5,5,2,3,1,1
0022301192,2,309.0,1749.0,8,5,2,3,1,1
0022301192,2,293.0,1733.0,8,5,2,3,0,1
0022301192,2,290.0,1730.0,8,5,2,3,1,1
0022301192,2,274.0,1714.0,11,5,2,3,1,1
0022301192,2,274.0,1714.0,11,5,2,3,1,1
0022301192,2,274.0,1714.0,11,5,2,3,1,1
0022301192,2,262.0,1702.0,9,5,2,3,0,1
0022301192,2,244.0,1684.0,9,5,2,3,1,1
0022301192,2,236.0,1676.0,9,6,2,4,1,1
0022301192,2,225.0,1665.0,9,6,2,4,0,1
0022301192,2,222.0,1662.0,9,6,2,4,1,1
0022301192,2,220.0,1660.0,9,6,3,3,1,1
0022301192,2,211.0,1651.0,9,6,3,3,1,1
0022301192,2,211.0,1651.0,9,6,3,3,1,1
0022301192,2,204.0,1644.0,7,6,3,3,0,1
0022301192,2,185.0,1625.0,7,6,4,2,0,1
0022301192,2,185.0,1625.0,8,6,4,2,1,1
0022301192,2,185.0,1625.0,9,6,4,2,1,1
0022301192,2,165.0,1605.0,9,6,4,2,0,1
0022301192,2,162.0,1602.0,9,6,4,2,1,1
0022301192,2,158.0,1598.0,9,6,4,2,1,1
0022301192,2,158.0,1598.0,9,6,4,2,1,1
0022301192,2,158.0,1598.0,9,6,5,1,1,1
0022301192,2,152.0,1592.0,12,6,5,1,1,1
0022301192,2,130.0,1570.0,10,6,5,1,0,1
0022301192,2,120.0,1560.0,10,6,5,1,1,1
0022301192,2,113.0,1553.0,10,6,5,1,0,1
0022301192,2,108.0,1548.0,10,6,5,1,0,1
0022301192,2,106.0,1546.0,10,6,5,1,1,1
0022301192,2,90.0,1530.0,10,6,5,1,1,1
0022301192,2,90.0,1530.0,10,6,5,1,1,1
0022301192,2,88.0,1528.0,10,6,5,1,1,1
0022301192,2,84.0,1524.0,10,6,5,1,1,1
0022301192,2,81.0,1521.0,10,6,5,1,0,1
0022301192,2,77.0,1517.0,8,6,5,1,0,1
0022301192,2,58.2,1498.2,11,6,5,1,1,1
0022301192,2,41.1,1481.1,11,6,5,1,0,1
0022301192,2,37.9,1477.9,11,6,5,1,1,1
0022301192,2,32.9,1472.9,11,6,6,0,1,1
0022301192,2,32.9,1472.9,12,6,6,0,1,1
0022301192,2,32.9,1472.9,12,6,6,0,1,1
0022301192,2,32.9,1472.9,12,6,6,0,1,1
0022301192,2,32.9,1472.9,13,6,6,0,1,1
0022301192,2,13.0,1453.0,11,6,6,0,0,1
0022301192,2,1.1,1441.1,11,6,6,0,1,1
0022301192,2,1.1,1441.1,11,6,6,0,1,1
0022301192,2,0.0,1440.0,11,6,6,0,1,1
0022301192,3,720.0,1440.0,11,6,6,0,1,1
0022301192,3,703.0,1423.0,9,6,6,0,0,1
0022301192,3,687.0,1407.0,9,6,6,0,1,1
0022301192,3,684.0,1404.0,9,6,6,0,0,1
0022301192,3,671.0,1391.0,6,6,6,0,0,1
0022301192,3,653.0,1373.0,6,6,6,0,1,1
0022301192,3,648.0,1368.0,6,6,6,0,1,1
0022301192,3,648.0,1368.0,8,6,6,0,1,1
0022301192,3,635.0,1355.0,8,6,6,0,0,1
0022301192,3,635.0,1355.0,8,6,6,0,0,1
0022301192,3,626.0,1346.0,8,6,6,0,1,1
0022301192,3,624.0,1344.0,8,6,6,0,0,1
0022301192,3,618.0,1338.0,5,6,6,0,0,1
0022301192,3,603.0,1323.0,5,6,6,0,1,1
0022301192,3,576.0,1296.0,5,6,6,0,0,1
0022301192,3,574.0,1294.0,5,6,6,0,1,1
0022301192,3,572.0,1292.0,5,6,7,-1,1,1
0022301192,3,565.0,1285.0,5,6,7,-1,1,1
0022301192,3,562.0,1282.0,5,6,7,-1,1,1
0022301192,3,560.0,1280.0,7,6,7,-1,1,1
0022301192,3,550.0,1270.0,7,7,7,0,1,1
0022301192,3,542.0,1262.0,7,7,7,0,0,1
0022301192,3,542.0,1262.0,7,7,7,0,0,1
0022301192,3,538.0,1258.0,9,7,7,0,1,1
0022301192,3,523.0,1243.0,9,7,8,-1,1,1
0022301192,3,523.0,1243.0,9,7,8,-1,0,1
0022301192,3,510.0,1230.0,9,7,8,-1,1,1
0022301192,3,508.0,1228.0,9,7,8,-1,1,1
0022301192,3,506.0,1226.0,9,7,8,-1,1,1
0022301192,3,502.0,1222.0,9,7,8,-1,0,1
0022301192,3,491.0,1211.0,9,7,8,-1,0,1
0022301192,3,491.0,1211.0,9,7,8,-1,0,1
0022301192,3,489.0,1209.0,9,7,8,-1,1,1
0022301192,3,478.0,1198.0,9,7,8,-1,1,1
0022301192,3,477.0,1197.0,9,7,8,-1,1,1
0022301192,3,471.0,1191.0,9,7,9,-2,1,1
0022301192,3,471.0,1191.0,10,7,9,-2,1,1
0022301192,3,471.0,1191.0,10,7,9,-2,1,1
0022301192,3,469.0,1189.0,10,7,9,-2,0,1
0022301192,3,454.0,1174.0,10,7,9,-2,0,1
0022301192,3,453.0,1173.0,10,7,9,-2,1,1
0022301192,3,446.0,1166.0,10,7,9,-2,1,1
0022301192,3,446.0,1166.0,10,7,9,-2,1,1
0022301192,3,443.0,1163.0,10,7,9,-2,0,1
0022301192,3,438.0,1158.0,10,7,9,-2,0,1
0022301192,3,438.0,1158.0,8,7,9,-2,0,1
0022301192,3,426.0,1146.0,11,7,9,-2,1,1
0022301192,3,409.0,1129.0,11,7,9,-2,0,1
0022301192,3,407.0,1127.0,11,7,9,-2,1,1
0022301192,3,401.0,1121.0,13,7,9,-2,1,1
0022301192,3,375.0,1095.0,13,7,9,-2,0,1
0022301192,3,375.0,1095.0,13,7,9,-2,0,1
0022301192,3,375.0,1095.0,13,7,9,-2,0,1
0022301192,3,375.0,1095.0,13,7,9,-2,0,1
0022301192,3,363.0,1083.0,13,7,9,-2,1,1
0022301192,3,360.0,1080.0,13,7,9,-2,0,1
0022301192,3,340.0,1060.0,13,7,9,-2,0,1
0022301192,3,338.0,1058.0,13,7,9,-2,1,1
0022301192,3,338.0,1058.0,13,7,10,-3,1,1
0022301192,3,318.0,1038.0,13,7,10,-3,1,1
0022301192,3,318.0,1038.0,13,7,10,-3,1,1
0022301192,3,312.0,1032.0,13,7,10,-3,0,1
0022301192,3,308.0,1028.0,13,7,10,-3,1,1
0022301192,3,302.0,1022.0,13,7,10,-3,1,1
0022301192,3,298.0,1018.0,13,7,10,-3,0,1
0022301192,3,290.0,1010.0,13,8,10,-2,0,1
0022301192,3,290.0,1010.0,12,8,10,-2,0,1
0022301192,3,290.0,1010.0,12,8,10,-2,0,1
0022301192,3,290.0,1010.0,12,8,10,-2,0,1
0022301192,3,290.0,1010.0,11,8,10,-2,0,1
0022301192,3,268.0,988.0,11,8,10,-2,1,1
0022301192,3,265.0,985.0,11,8,10,-2,1,1
0022301192,3,261.0,981.0,14,8,10,-2,1,1
0022301192,3,244.0,964.0,14,8,10,-2,0,1
0022301192,3,242.0,962.0,14,8,10,-2,0,1
0022301192,3,241.0,961.0,14,8,10,-2,0,1
0022301192,3,239.0,959.0,14,8,10,-2,1,1
0022301192,3,224.0,944.0,14,8,10,-2,1,1
0022301192,3,221.0,941.0,14,8,10,-2,0,1
0022301192,3,213.0,933.0,14,8,10,-2,0,1
0022301192,3,210.0,930.0,14,8,10,-2,1,1
0022301192,3,196.0,916.0,14,8,10,-2,1,1
0022301192,3,192.0,912.0,14,8,10,-2,0,1
0022301192,3,187.0,907.0,14,8,10,-2,0,1
0022301192,3,187.0,907.0,14,8,10,-2,0,1
0022301192,3,187.0,907.0,14,8,10,-2,0,1
0022301192,3,187.0,907.0,14,8,10,-2,0,1
0022301192,3,183.0,903.0,14,9,10,-1,0,1
0022301192,3,171.0,891.0,14,10,10,0,0,1
0022301192,3,171.0,891.0,14,10,10,0,0,1
0022301192,3,171.0,891.0,14,10,10,0,0,1
0022301192,3,171.0,891.0,13,10,10,0,0,1
0022301192,3,146.0,866.0,13,10,10,0,1,1
0022301192,3,144.0,864.0,13,10,10,0,0,1
0022301192,3,126.0,846.0,11,10,10,0,0,1
0022301192,3,126.0,846.0,11,11,10,1,0,1
0022301192,3,126.0,846.0,10,11,10,1,0,1
0022301192,3,110.0,830.0,10,11,10,1,1,1
0022301192,3,103.0,823.0,10,11,10,1,1,1
0022301192,3,103.0,823.0,10,11,10,1,1,1
0022301192,3,103.0,823.0,10,11,10,1,1,1
0022301192,3,102.0,822.0,10,11,10,1,0,1
0022301192,3,94.0,814.0,8,11,10,1,0,1
0022301192,3,81.0,801.0,10,11,10,1,1,1
0022301192,3,69.0,789.0,10,11,11,0,1,1
0022301192,3,69.0,789.0,10,11,11,0,0,1
0022301192,3,51.5,771.5,13,11,11,0,1,1
0022301192,3,37.0,757.0,13,11,11,0,0,1
0022301192,3,37.0,757.0,13,11,11,0,0,1
0022301192,3,34.3,754.3,13,11,11,0,1,1
0022301192,3,31.2,751.2,16,11,11,0,1,1
0022301192,3,7.0,727.0,14,11,11,0,0,1
0022301192,3,0.0,720.0,17,11,11,0,1,1
0022301192,3,0.0,720.0,17,11,11,0,1,1
0022301192,3,0.0,720.0,17,11,11,0,1,1
0022301192,4,720.0,720.0,17,11,11,0,1,1
0022301192,4,708.0,708.0,17,11,11,0,1,1
0022301192,4,705.0,705.0,17,11,11,0,0,1
0022301192,4,698.0,698.0,17,11,11,0,0,1
0022301192,4,698.0,698.0,17,11,11,0,1,1
0022301192,4,687.0,687.0,17,11,11,0,1,1
0022301192,4,685.0,685.0,17,11,11,0,0,1
0022301192,4,678.0,678.0,17,11,11,0,0,1
0022301192,4,677.0,677.0,17,11,11,0,1,1
0022301192,4,658.0,658.0,19,11,11,0,1,1
0022301192,4,641.0,641.0,19,12,11,1,1,1
0022301192,4,641.0,641.0,19,12,11,1,1,1
0022301192,4,641.0,641.0,18,12,11,1,0,1
0022301192,4,641.0,641.0,17,12,11,1,0,1
0022301192,4,628.0,628.0,19,12,11,1,1,1
0022301192,4,621.0,621.0,19,12,11,1,1,1
0022301192,4,621.0,621.0,19,12,11,1,1,1
0022301192,4,607.0,607.0,19,12,11,1,0,1
0022301192,4,605.0,605.0,19,12,11,1,1,1
0022301192,4,586.0,586.0,19,12,11,1,1,1
0022301192,4,583.0,583.0,19,12,11,1,1,1
0022301192,4,582.0,582.0,19,12,11,1,1,1
0022301192,4,582.0,582.0,19,12,11,1,1,1
0022301192,4,578.0,578.0,17,12,11,1,0,1
0022301192,4,570.0,570.0,19,12,11,1,1,1
0022301192,4,552.0,552.0,19,12,11,1,0,1
0022301192,4,550.0,550.0,19,12,11,1,1,1
0022301192,4,538.0,538.0,21,12,11,1,1,1
0022301192,4,526.0,526.0,21,12,11,1,0,1
0022301192,4,523.0,523.0,21,12,11,1,1,1
0022301192,4,513.0,513.0,23,12,11,1,1,1
0022301192,4,490.0,490.0,23,12,11,1,0,1
0022301192,4,490.0,490.0,23,12,11,1,0,1
0022301192,4,486.0,486.0,23,12,11,1,1,1
0022301192,4,482.0,482.0,23,12,11,1,0,1
0022301192,4,476.0,476.0,23,12,11,1,0,1
0022301192,4,473.0,473.0,23,12,11,1,1,1
0022301192,4,471.0,471.0,25,12,11,1,1,1
0022301192,4,456.0,456.0,25,12,11,1,0,1
0022301192,4,454.0,454.0,25,12,11,1,1,1
0022301192,4,454.0,454.0,25,12,11,1,1,1
0022301192,4,454.0,454.0,25,12,11,1,1,1
0022301192,4,454.0,454.0,25,12,11,1,1,1
0022301192,4,454.0,454.0,25,12,11,1,1,1
0022301192,4,436.0,436.0,27,12,11,1,1,1
0022301192,4,420.0,420.0,27,12,11,1,0,1
0022301192,4,414.0,414.0,27,12,11,1,1,1
0022301192,4,414.0,414.0,27,12,11,1,1,1
0022301192,4,410.0,410.0,27,12,11,1,1,1
0022301192,4,409.0,409.0,27,12,11,1,1,1
0022301192,4,407.0,407.0,27,12,11,1,0,1
0022301192,4,399.0,399.0,27,13,11,2,0,1
0022301192,4,399.0,399.0,26,13,11,2,0,1
0022301192,4,399.0,399.0,25,13,11,2,0,1
0022301192,4,381.0,381.0,25,13,11,2,1,1
0022301192,4,379.0,379.0,25,13,11,2,0,1
0022301192,4,357.0,357.0,25,13,11,2,0,1
0022301192,4,354.0,354.0,25,13,11,2,1,1
0022301192,4,347.0,347.0,25,13,12,1,1,1
0022301192,4,347.0,347.0,25,13,12,1,1,1
0022301192,4,347.0,347.0,25,13,12,1,1,1
0022301192,4,347.0,347.0,25,13,12,1,1,1
0022301192,4,347.0,347.0,25,13,12,1,1,1
0022301192,4,347.0,347.0,25,13,12,1,1,1
0022301192,4,347.0,347.0,25,13,12,1,1,1
0022301192,4,347.0,347.0,26,13,12,1,1,1
0022301192,4,333.0,333.0,26,14,12,2,1,1
0022301192,4,333.0,333.0,25,14,12,2,0,1
0022301192,4,333.0,333.0,25,14,12,2,0,1
0022301192,4,329.0,329.0,25,14,12,2,1,1
0022301192,4,320.0,320.0,28,14,12,2,1,1
0022301192,4,305.0,305.0,28,14,12,2,0,1
0022301192,4,305.0,305.0,28,14,12,2,0,1
0022301192,4,300.0,300.0,28,14,12,2,1,1
0022301192,4,300.0,300.0,28,14,12,2,1,1
0022301192,4,291.0,291.0,25,14,12,2,0,1
0022301192,4,273.0,273.0,25,14,12,2,1,1
0022301192,4,271.0,271.0,25,14,12,2,1,1
0022301192,4,269.0,269.0,25,14,12,2,1,1
0022301192,4,265.0,265.0,25,14,12,2,0,1
0022301192,4,263.0,263.0,25,15,12,3,0,1
0022301192,4,260.0,260.0,23,15,12,3,0,1
0022301192,4,244.0,244.0,23,15,12,3,1,1
0022301192,4,234.0,234.0,23,15,12,3,0,1
0022301192,4,231.0,231.0,23,15,12,3,1,1
0022301192,4,220.0,220.0,23,15,12,3,1,1
0022301192,4,220.0,220.0,23,15,12,3,1,1
0022301192,4,215.0,215.0,21,15,12,3,0,1
0022301192,4,203.0,203.0,21,15,13,2,0,1
0022301192,4,203.0,203.0,22,15,13,2,1,1
0022301192,4,203.0,203.0,22,15,13,2,1,1
0022301192,4,201.0,201.0,22,15,13,2,0,1
0022301192,4,190.0,190.0,19,15,13,2,0,1
0022301192,4,177.0,177.0,19,15,13,2,1,1
0022301192,4,177.0,177.0,19,15,13,2,1,1
0022301192,4,172.0,172.0,17,15,13,2,0,1
0022301192,4,162.0,162.0,17,15,14,1,0,1
0022301192,4,155.0,155.0,17,15,14,1,1,1
0022301192,4,151.0,151.0,17,15,14,1,1,1
0022301192,4,150.0,150.0,17,15,14,1,1,1
0022301192,4,146.0,146.0,17,15,14,1,0,1
0022301192,4,140.0,140.0,15,15,14,1,0,1
0022301192,4,127.0,127.0,18,15,14,1,1,1
0022301192,4,111.0,111.0,18,15,14,1,0,1
0022301192,4,108.0,108.0,18,15,14,1,1,1
0022301192,4,103.0,103.0,18,15,14,1,1,1
0022301192,4,103.0,103.0,18,15,14,1,1,1
0022301192,4,100.0,100.0,18,15,14,1,0,1
0022301192,4,100.0,100.0,18,15,14,1,0,1
0022301192,4,95.0,95.0,20,15,14,1,1,1
0022301192,4,86.0,86.0,20,16,14,2,1,1
0022301192,4,86.0,86.0,19,16,14,2,0,1
0022301192,4,86.0,86.0,19,16,14,2,0,1
0022301192,4,84.0,84.0,19,16,14,2,1,1
0022301192,4,79.0,79.0,19,16,14,2,1,1
0022301192,4,77.0,77.0,19,16,14,2,1,1
0022301192,4,77.0,77.0,21,16,14,2,1,1
0022301192,4,55.8,55.8,21,16,14,2,0,1
0022301192,4,53.4,53.4,21,16,14,2,1,1
0022301192,4,48.0,48.0,21,16,14,2,1,1
0022301192,4,44.4,44.4,21,16,14,2,0,1
0022301192,4,27.4,27.4,21,16,14,2,0,1
0022301192,4,24.3,24.3,21,16,14,2,1,1
0022301192,4,2.1,2.1,21,16,14,2,1,1
0022301192,4,0.0,0.0,21,16,14,2,1,1
0022301191,1,720.0,2880.0,0,0,0,0,0,1
0022301191,1,720.0,2880.0,0,0,0,0,0,1
0022301191,1,710.0,2870.0,0,0,0,0,0,1
0022301191,1,710.0,2870.0,0,0,0,0,0,1
0022301191,1,709.0,2869.0,0,0,0,0,0,1
0022301191,1,708.0,2868.0,-2,0,0,0,0,1
0022301191,1,694.0,2854.0,0,0,0,0,1,1
0022301191,1,678.0,2838.0,0,0,0,0,0,1
0022301191,1,664.0,2824.0,0,0,0,0,1,1
0022301191,1,661.0,2821.0,0,0,0,0,0,1
0022301191,1,648.0,2808.0,-2,0,0,0,0,1
0022301191,1,629.0,2789.0,-2,0,0,0,1,1
0022301191,1,625.0,2785.0,-2,0,0,0,0,1
0022301191,1,620.0,2780.0,-2,0,0,0,0,1
0022301191,1,617.0,2777.0,-2,0,0,0,1,1
0022301191,1,611.0,2771.0,-2,0,0,0,1,1
0022301191,1,608.0,2768.0,-2,0,0,0,0,1
0022301191,1,599.0,2759.0,-5,0,0,0,0,1
0022301191,1,582.0,2742.0,-5,0,0,0,1,1
0022301191,1,582.0,2742.0,-5,0,0,0,1,1
0022301191,1,571.0,2731.0,-7,0,0,0,0,1
0022301191,1,553.0,2713.0,-7,0,0,0,1,1
0022301191,1,553.0,2713.0,-7,0,0,0,1,1
0022301191,1,552.0,2712.0,-7,0,0,0,0,1
0022301191,1,534.0,2694.0,-7,0,0,0,0,1
0022301191,1,534.0,2694.0,-7,0,0,0,0,1
0022301191,1,534.0,2694.0,-7,1,0,1,0,1
0022301191,1,534.0,2694.0,-7,1,0,1,0,1
0022301191,1,534.0,2694.0,-7,1,0,1,0,1
0022301191,1,534.0,2694.0,-8,1,0,1,0,1
0022301191,1,517.0,2677.0,-6,1,0,1,1,1
0022301191,1,517.0,2677.0,-6,1,1,0,1,1
0022301191,1,517.0,2677.0,-5,1,1,0,1,1
0022301191,1,509.0,2669.0,-5,2,1,1,1,1
0022301191,1,509.0,2669.0,-6,2,1,1,0,1
0022301191,1,509.0,2669.0,-7,2,1,1,0,1
0022301191,1,496.0,2656.0,-7,2,1,1,1,1
0022301191,1,495.0,2655.0,-7,2,1,1,1,1
0022301191,1,494.0,2654.0,-5,2,1,1,1,1
0022301191,1,480.0,2640.0,-8,2,1,1,0,1
0022301191,1,475.0,2635.0,-8,2,1,1,1,1
0022301191,1,472.0,2632.0,-8,2,1,1,0,1
0022301191,1,457.0,2617.0,-8,2,1,1,0,1
0022301191,1,454.0,2614.0,-8,2,1,1,1,1
0022301191,1,448.0,2608.0,-8,2,1,1,1,1
0022301191,1,444.0,2604.0,-8,2,1,1,0,1
0022301191,1,439.0,2599.0,-8,2,1,1,0,1
0022301191,1,437.0,2597.0,-8,2,1,1,1,1
0022301191,1,428.0,2588.0,-8,2,1,1,1,1
0022301191,1,425.0,2585.0,-8,2,1,1,0,1
0022301191,1,407.0,2567.0,-8,2,1,1,0,1
0022301191,1,404.0,2564.0,-8,2,1,1,0,1
0022301191,1,402.0,2562.0,-8,2,1,1,0,1
0022301191,1,399.0,2559.0,-8,2,1,1,1,1
0022301191,1,394.0,2554.0,-8,2,1,1,1,1
0022301191,1,394.0,2554.0,-8,2,1,1,1,1
0022301191,1,394.0,2554.0,-8,2,1,1,1,1
0022301191,1,394.0,2554.0,-8,2,1,1,1,1
0022301191,1,375.0,2535.0,-8,2,1,1,0,1
0022301191,1,372.0,2532.0,-8,2,1,1,1,1
0022301191,1,355.0,2515.0,-8,2,1,1,1,1
0022301191,1,353.0,2513.0,-8,2,1,1,1,1
0022301191,1,350.0,2510.0,-8,2,1,1,1,1
0022301191,1,346.0,2506.0,-8,2,1,1,0,1
0022301191,1,332.0,2492.0,-8,2,1,1,0,1
0022301191,1,332.0,2492.0,-8,2,1,1,0,1
0022301191,1,326.0,2486.0,-5,2,1,1,1,1
0022301191,1,309.0,2469.0,-7,2,1,1,0,1
0022301191,1,296.0,2456.0,-4,2,1,1,1,1
0022301191,1,283.0,2443.0,-4,3,1,2,1,1
0022301191,1,283.0,2443.0,-4,3,1,2,1,1
0022301191,1,283.0,2443.0,-5,3,1,2,0,1
0022301191,1,275.0,2435.0,-5,3,1,2,0,1
0022301191,1,274.0,2434.0,-5,3,1,2,0,1
0022301191,1,273.0,2433.0,-5,3,1,2,0,1
0022301191,1,271.0,2431.0,-5,3,1,2,1,1
0022301191,1,258.0,2418.0,-5,3,1,2,1,1
0022301191,1,258.0,2418.0,-5,3,1,2,1,1
0022301191,1,250.0,2410.0,-5,3,1,2,0,1
0022301191,1,246.0,2406.0,-5,3,1,2,1,1
0022301191,1,242.0,2402.0,-5,3,2,1,1,1
0022301191,1,242.0,2402.0,-4,3,2,1,1,1
0022301191,1,242.0,2402.0,-4,3,2,1,1,1
0022301191,1,242.0,2402.0,-4,3,2,1,1,1
0022301191,1,242.0,2402.0,-4,3,2,1,1,1
0022301191,1,238.0,2398.0,-4,3,2,1,0,1
0022301191,1,230.0,2390.0,-4,3,2,1,0,1
0022301191,1,229.0,2389.0,-4,3,2,1,0,1
0022301191,1,228.0,2388.0,-6,3,2,1,0,1
0022301191,1,207.0,2367.0,-4,3,2,1,1,1
0022301191,1,187.0,2347.0,-4,3,2,1,0,1
0022301191,1,186.0,2346.0,-4,3,2,1,1,1
0022301191,1,183.0,2343.0,-4,3,2,1,1,1
0022301191,1,183.0,2343.0,-4,3,2,1,0,1
0022301191,1,183.0,2343.0,-4,3,2,1,0,1
0022301191,1,183.0,2343.0,-4,3,2,1,0,1
0022301191,1,183.0,2343.0,-4,3,2,1,0,1
0022301191,1,166.0,2326.0,-6,3,2,1,0,1
0022301191,1,149.0,2309.0,-6,3,2,1,1,1
0022301191,1,146.0,2306.0,-6,3,2,1,0,1
0022301191,1,136.0,2296.0,-6,4,2,2,0,1
0022301191,1,136.0,2296.0,-6,4,2,2,0,1
0022301191,1,132.0,2292.0,-6,5,2,3,0,1
0022301191,1,132.0,2292.0,-7,5,2,3,0,1
0022301191,1,132.0,2292.0,-8,5,2,3,0,1
0022301191,1,132.0,2292.0,-9,5,2,3,0,1
0022301191,1,110.0,2270.0,-7,5,2,3,1,1
0022301191,1,98.0,2258.0,-7,5,2,3,0,1
0022301191,1,96.0,2256.0,-7,5,2,3,1,1
0022301191,1,91.0,2251.0,-7,5,2,3,1,1
0022301191,1,88.0,2248.0,-7,5,2,3,0,1
0022301191,1,72.0,2232.0,-9,5,2,3,0,1
0022301191,1,56.0,2216.0,-7,5,2,3,1,1
0022301191,1,37.1,2197.1,-10,5,2,3,0,1
0022301191,1,17.8,2177.8,-8,5,2,3,1,1
0022301191,1,0.3,2160.3,-8,5,2,3,0,1
0022301191,1,0.3,2160.3,-8,5,2,3,0,1
0022301191,1,0.0,2160.0,-8,5,2,3,0,1
0022301191,2,720.0,2160.0,-8,5,2,3,0,1
0022301191,2,702.0,2142.0,-8,5,2,3,1,1
0022301191,2,699.0,2139.0,-8,5,2,3,0,1
0022301191,2,690.0,2130.0,-8,5,2,3,0,1
0022301191,2,686.0,2126.0,-8,5,2,3,1,1
0022301191,2,675.0,2115.0,-8,5,2,3,1,1
0022301191,2,675.0,2115.0,-8,5,2,3,1,1
0022301191,2,670.0,2110.0,-8,5,2,3,0,1
0022301191,2,670.0,2110.0,-8,5,2,3,0,1
0022301191,2,653.0,2093.0,-8,5,2,3,1,1
0022301191,2,651.0,2091.0,-8,5,2,3,0,1
0022301191,2,642.0,2082.0,-8,5,2,3,0,1
0022301191,2,641.0,2081.0,-8,5,2,3,1,1
0022301191,2,633.0,2073.0,-8,5,2,3,1,1
0022301191,2,633.0,2073.0,-8,5,2,3,1,1
0022301191,2,619.0,2059.0,-8,5,2,3,0,1
0022301191,2,619.0,2059.0,-8,5,2,3,0,1
0022301191,2,597.0,2037.0,-8,5,2,3,1,1
0022301191,2,597.0,2037.0,-8,5,2,3,1,1
0022301191,2,594.0,2034.0,-8,5,2,3,1,1
0022301191,2,594.0,2034.0,-8,5,2,3,1,1
0022301191,2,594.0,2034.0,-8,5,2,3,1,1
0022301191,2,594.0,2034.0,-8,5,2,3,1,1
0022301191,2,582.0,2022.0,-8,5,2,3,0,1
0022301191,2,582.0,2022.0,-8,5,2,3,0,1
0022301191,2,581.0,2021.0,-8,5,2,3,1,1
0022301191,2,565.0,2005.0,-6,5,2,3,1,1
0022301191,2,542.0,1982.0,-8,5,2,3,0,1
0022301191,2,518.0,1958.0,-6,5,2,3,1,1
0022301191,2,498.0,1938.0,-6,6,2,4,1,1
0022301191,2,498.0,1938.0,-7,6,2,4,0,1
0022301191,2,498.0,1938.0,-7,6,2,4,0,1
0022301191,2,498.0,1938.0,-7,6,2,4,0,1
0022301191,2,498.0,1938.0,-7,6,2,4,0,1
0022301191,2,498.0,1938.0,-7,6,2,4,0,1
0022301191,2,498.0,1938.0,-8,6,2,4,0,1
0022301191,2,482.0,1922.0,-8,6,2,4,1,1
0022301191,2,478.0,1918.0,-8,6,2,4,0,1
0022301191,2,466.0,1906.0,-8,6,2,4,0,1
0022301191,2,464.0,1904.0,-8,6,2,4,1,1
0022301191,2,463.0,1903.0,-8,6,2,4,1,1
0022301191,2,463.0,1903.0,-8,6,2,4,1,1
0022301191,2,462.0,1902.0,-10,6,2,4,0,1
0022301191,2,447.0,1887.0,-8,6,2,4,1,1
0022301191,2,435.0,1875.0,-8,6,2,4,1,1
0022301191,2,435.0,1875.0,-8,6,2,4,1,1
0022301191,2,426.0,1866.0,-11,6,2,4,0,1
0022301191,2,411.0,1851.0,-9,6,2,4,1,1
0022301191,2,398.0,1838.0,-9,6,2,4,0,1
0022301191,2,395.0,1835.0,-9,6,2,4,1,1
0022301191,2,377.0,1817.0,-6,6,2,4,1,1
0022301191,2,376.0,1816.0,-6,6,2,4,1,1
0022301191,2,376.0,1816.0,-6,6,2,4,1,1
0022301191,2,362.0,1802.0,-6,6,2,4,0,1
0022301191,2,362.0,1802.0,-6,6,2,4,0,1
0022301191,2,357.0,1797.0,-6,6,3,3,0,1
0022301191,2,357.0,1797.0,-5,6,3,3,1,1
0022301191,2,357.0,1797.0,-4,6,3,3,1,1
0022301191,2,332.0,1772.0,-4,6,3,3,0,1
0022301191,2,330.0,1770.0,-4,6,3,3,1,1
0022301191,2,320.0,1760.0,-4,6,3,3,1,1
0022301191,2,318.0,1758.0,-4,6,3,3,0,1
0022301191,2,301.0,1741.0,-4,6,3,3,0,1
0022301191,2,298.0,1738.0,-4,6,3,3,1,1
0022301191,2,293.0,1733.0,-2,6,3,3,1,1
0022301191,2,273.0,1713.0,-2,6,3,3,0,1
0022301191,2,269.0,1709.0,-2,6,3,3,1,1
0022301191,2,267.0,1707.0,-2,6,4,2,1,1
0022301191,2,267.0,1707.0,-1,6,4,2,1,1
0022301191,2,267.0,1707.0,0,6,4,2,1,1
0022301191,2,246.0,1686.0,0,6,4,2,0,1
0022301191,2,244.0,1684.0,0,6,4,2,1,1
0022301191,2,230.0,1670.0,0,6,4,2,1,1
0022301191,2,230.0,1670.0,0,6,4,2,1,1
0022301191,2,224.0,1664.0,0,7,4,3,1,1
0022301191,2,224.0,1664.0,0,7,4,3,1,1
0022301191,2,210.0,1650.0,0,8,4,4,1,1
0022301191,2,210.0,1650.0,-1,8,4,4,0,1
0022301191,2,210.0,1650.0,-2,8,4,4,0,1
0022301191,2,210.0,1650.0,-3,8,4,4,0,1
0022301191,2,196.0,1636.0,-3,8,4,4,1,1
0022301191,2,194.0,1634.0,-3,8,4,4,0,1
0022301191,2,187.0,1627.0,-3,8,4,4,0,1
0022301191,2,187.0,1627.0,-3,8,5,3,0,1
0022301191,2,166.0,1606.0,-3,8,5,3,1,1
0022301191,2,164.0,1604.0,-3,8,5,3,0,1
0022301191,2,160.0,1600.0,-3,8,5,3,0,1
0022301191,2,160.0,1600.0,-3,8,5,3,0,1
0022301191,2,158.0,1598.0,-3,8,5,3,1,1
0022301191,2,152.0,1592.0,-1,8,5,3,1,1
0022301191,2,132.0,1572.0,-1,8,5,3,0,1
0022301191,2,130.0,1570.0,-1,8,5,3,1,1
0022301191,2,126.0,1566.0,-1,8,6,2,1,1
0022301191,2,126.0,1566.0,-1,8,6,2,1,1
0022301191,2,126.0,1566.0,-1,8,6,2,1,1
0022301191,2,120.0,1560.0,-1,8,7,1,1,1
0022301191,2,120.0,1560.0,0,8,7,1,1,1
0022301191,2,120.0,1560.0,1,8,7,1,1,1
0022301191,2,101.0,1541.0,1,8,7,1,0,1
0022301191,2,97.0,1537.0,1,8,7,1,1,1
0022301191,2,92.0,1532.0,1,8,7,1,1,1
0022301191,2,89.0,1529.0,1,8,7,1,0,1
0022301191,2,83.0,1523.0,1,8,7,1,0,1
0022301191,2,79.0,1519.0,1,8,7,1,1,1
0022301191,2,69.0,1509.0,3,8,7,1,1,1
0022301191,2,45.4,1485.4,3,8,7,1,0,1
0022301191,2,42.8,1482.8,3,8,7,1,1,1
0022301191,2,33.7,1473.7,5,8,7,1,1,1
0022301191,2,19.5,1459.5,5,9,7,2,1,1
0022301191,2,19.5,1459.5,5,9,7,2,1,1
0022301191,2,9.4,1449.4,5,9,7,2,0,1
0022301191,2,9.4,1449.4,5,9,7,2,0,1
0022301191,2,2.5,1442.5,5,9,7,2,1,1
0022301191,2,2.5,1442.5,5,9,7,2,0,1
0022301191,2,0.0,1440.0,5,9,7,2,0,1
0022301191,3,720.0,1440.0,5,9,7,2,0,1
0022301191,3,703.0,1423.0,7,9,7,2,1,1
0022301191,3,679.0,1399.0,7,10,7,3,1,1
0022301191,3,679.0,1399.0,6,10,7,3,0,1
0022301191,3,679.0,1399.0,5,10,7,3,0,1
0022301191,3,669.0,1389.0,5,10,7,3,1,1
0022301191,3,668.0,1388.0,5,10,7,3,1,1
0022301191,3,668.0,1388.0,5,10,8,2,1,1
0022301191,3,658.0,1378.0,5,10,8,2,1,1
0022301191,3,658.0,1378.0,5,10,8,2,1,1
0022301191,3,658.0,1378.0,5,10,8,2,1,1
0022301191,3,653.0,1373.0,5,10,8,2,1,1
0022301191,3,653.0,1373.0,5,10,8,2,1,1
0022301191,3,653.0,1373.0,5,10,8,2,1,1
0022301191,3,633.0,1353.0,3,10,8,2,0,1
0022301191,3,622.0,1342.0,3,10,8,2,1,1
0022301191,3,619.0,1339.0,3,10,8,2,0,1
0022301191,3,602.0,1322.0,3,10,8,2,0,1
0022301191,3,600.0,1320.0,3,10,8,2,1,1
0022301191,3,593.0,1313.0,6,10,8,2,1,1
0022301191,3,564.0,1284.0,6,10,8,2,0,1
0022301191,3,564.0,1284.0,6,10,8,2,0,1
0022301191,3,560.0,1280.0,8,10,8,2,1,1
0022301191,3,541.0,1261.0,5,10,8,2,0,1
0022301191,3,526.0,1246.0,7,10,8,2,1,1
0022301191,3,512.0,1232.0,7,10,8,2,0,1
0022301191,3,498.0,1218.0,9,10,8,2,1,1
0022301191,3,498.0,1218.0,9,10,8,2,1,1
0022301191,3,475.0,1195.0,9,10,8,2,0,1
0022301191,3,473.0,1193.0,9,10,8,2,0,1
0022301191,3,471.0,1191.0,7,10,8,2,0,1
0022301191,3,457.0,1177.0,9,10,8,2,1,1
0022301191,3,435.0,1155.0,7,10,8,2,0,1
0022301191,3,411.0,1131.0,7,10,8,2,1,1
0022301191,3,409.0,1129.0,7,10,8,2,1,1
0022301191,3,407.0,1127.0,7,10,8,2,1,1
0022301191,3,407.0,1127.0,7,10,8,2,1,1
0022301191,3,405.0,1125.0,7,10,8,2,1,1
0022301191,3,403.0,1123.0,9,10,8,2,1,1
0022301191,3,391.0,1111.0,7,10,8,2,0,1
0022301191,3,373.0,1093.0,7,10,8,2,1,1
0022301191,3,371.0,1091.0,7,10,8,2,0,1
0022301191,3,363.0,1083.0,5,10,8,2,0,1
0022301191,3,341.0,1061.0,5,10,8,2,1,1
0022301191,3,338.0,1058.0,5,10,8,2,0,1
0022301191,3,327.0,1047.0,3,10,8,2,0,1
0022301191,3,327.0,1047.0,3,10,8,2,0,1
0022301191,3,327.0,1047.0,3,10,8,2,0,1
0022301191,3,312.0,1032.0,3,10,8,2,1,1
0022301191,3,309.0,1029.0,3,10,8,2,1,1
0022301191,3,307.0,1027.0,5,10,8,2,1,1
0022301191,3,285.0,1005.0,5,10,8,2,0,1
0022301191,3,285.0,1005.0,5,10,8,2,0,1
0022301191,3,281.0,1001.0,7,10,8,2,1,1
0022301191,3,265.0,985.0,7,11,8,3,1,1
0022301191,3,265.0,985.0,7,11,8,3,1,1
0022301191,3,260.0,980.0,7,12,8,4,1,1
0022301191,3,260.0,980.0,6,12,8,4,0,1
0022301191,3,260.0,980.0,5,12,8,4,0,1
0022301191,3,260.0,980.0,4,12,8,4,0,1
0022301191,3,250.0,970.0,4,12,8,4,1,1
0022301191,3,250.0,970.0,4,12,8,4,1,1
0022301191,3,249.0,969.0,4,12,8,4,0,1
0022301191,3,238.0,958.0,4,12,8,4,0,1
0022301191,3,235.0,955.0,4,12,8,4,1,1
0022301191,3,219.0,939.0,6,12,8,4,1,1
0022301191,3,200.0,920.0,6,13,8,5,1,1
0022301191,3,200.0,920.0,6,13,8,5,1,1
0022301191,3,200.0,920.0,6,13,8,5,1,1
0022301191,3,196.0,916.0,6,13,8,5,0,1
0022301191,3,196.0,916.0,6,13,8,5,0,1
0022301191,3,195.0,915.0,6,13,8,5,1,1
0022301191,3,185.0,905.0,9,13,8,5,1,1
0022301191,3,167.0,887.0,9,14,8,6,1,1
0022301191,3,167.0,887.0,8,14,8,6,0,1
0022301191,3,167.0,887.0,8,14,8,6,0,1
0022301191,3,167.0,887.0,8,14,8,6,0,1
0022301191,3,167.0,887.0,7,14,8,6,0,1
0022301191,3,157.0,877.0,7,14,9,5,0,1
0022301191,3,150.0,870.0,10,14,9,5,1,1
0022301191,3,127.0,847.0,8,14,9,5,0,1
0022301191,3,107.0,827.0,10,14,9,5,1,1
0022301191,3,90.0,810.0,10,14,9,5,0,1
0022301191,3,88.0,808.0,10,14,9,5,1,1
0022301191,3,74.0,794.0,10,14,9,5,1,1
0022301191,3,72.0,792.0,10,14,9,5,1,1
0022301191,3,72.0,792.0,10,14,10,4,1,1
0022301191,3,72.0,792.0,10,14,10,4,1,1
0022301191,3,72.0,792.0,10,14,10,4,1,1
0022301191,3,72.0,792.0,10,14,10,4,1,1
0022301191,3,64.0,784.0,10,14,11,3,1,1
0022301191,3,64.0,784.0,11,14,11,3,1,1
0022301191,3,64.0,784.0,12,14,11,3,1,1
0022301191,3,54.8,774.8,12,14,12,2,1,1
0022301191,3,54.8,774.8,12,14,12,2,0,1
0022301191,3,47.6,767.6,12,14,13,1,0,1
0022301191,3,47.6,767.6,13,14,13,1,1,1
0022301191,3,47.6,767.6,14,14,13,1,1,1
0022301191,3,28.4,748.4,11,14,13,1,0,1
0022301191,3,10.7,730.7,11,14,13,1,1,1
0022301191,3,6.4,726.4,11,14,13,1,0,1
0022301191,3,2.8,722.8,11,15,13,2,0,1
0022301191,3,2.8,722.8,10,15,13,2,0,1
0022301191,3,2.8,722.8,9,15,13,2,0,1
0022301191,3,0.2,720.2,9,15,13,2,1,1
0022301191,3,0.1,720.1,9,15,13,2,1,1
0022301191,3,0.0,720.0,9,15,13,2,1,1
0022301191,4,720.0,720.0,9,15,13,2,1,1
0022301191,4,708.0,708.0,9,15,13,2,0,1
0022301191,4,706.0,706.0,9,15,13,2,0,1
0022301191,4,703.0,703.0,9,15,13,2,0,1
0022301191,4,699.0,699.0,9,15,13,2,1,1
0022301191,4,686.0,686.0,12,15,13,2,1,1
0022301191,4,672.0,672.0,12,15,13,2,0,1
0022301191,4,669.0,669.0,12,15,13,2,1,1
0022301191,4,650.0,650.0,12,15,13,2,1,1
0022301191,4,650.0,650.0,12,15,13,2,1,1
0022301191,4,644.0,644.0,12,15,13,2,0,1
0022301191,4,644.0,644.0,12,15,13,2,0,1
0022301191,4,633.0,633.0,14,15,13,2,1,1
0022301191,4,612.0,612.0,14,15,13,2,0,1
0022301191,4,609.0,609.0,14,15,13,2,0,1
0022301191,4,603.0,603.0,14,15,13,2,0,1
0022301191,4,599.0,599.0,14,15,13,2,1,1
0022301191,4,581.0,581.0,14,15,13,2,1,1
0022301191,4,579.0,579.0,14,15,13,2,1,1
0022301191,4,579.0,579.0,14,15,14,1,1,1
0022301191,4,579.0,579.0,14,15,14,1,1,1
0022301191,4,572.0,572.0,14,15,14,1,1,1
0022301191,4,569.0,569.0,14,15,14,1,1,1
0022301191,4,567.0,567.0,14,15,14,1,1,1
0022301191,4,567.0,567.0,14,15,14,1,1,1
0022301191,4,555.0,555.0,14,15,15,0,1,1
0022301191,4,555.0,555.0,15,15,15,0,1,1
0022301191,4,555.0,555.0,15,15,15,0,1,1
0022301191,4,555.0,555.0,16,15,15,0,1,1
0022301191,4,541.0,541.0,16,15,15,0,0,1
0022301191,4,541.0,541.0,16,15,15,0,0,1
0022301191,4,538.0,538.0,18,15,15,0,1,1
0022301191,4,519.0,519.0,18,15,15,0,0,1
0022301191,4,519.0,519.0,18,15,15,0,0,1
0022301191,4,517.0,517.0,20,15,15,0,1,1
0022301191,4,517.0,517.0,20,15,15,0,1,1
0022301191,4,499.0,499.0,18,15,15,0,0,1
0022301191,4,477.0,477.0,20,15,15,0,1,1
0022301191,4,468.0,468.0,20,16,15,1,1,1
0022301191,4,462.0,462.0,20,16,15,1,0,1
0022301191,4,459.0,459.0,20,16,15,1,1,1
0022301191,4,453.0,453.0,20,16,16,0,1,1
0022301191,4,453.0,453.0,20,16,16,0,1,1
0022301191,4,453.0,453.0,21,16,16,0,1,1
0022301191,4,453.0,453.0,22,16,16,0,1,1
0022301191,4,434.0,434.0,22,16,16,0,0,1
0022301191,4,434.0,434.0,22,16,16,0,0,1
0022301191,4,430.0,430.0,25,16,16,0,1,1
0022301191,4,429.0,429.0,25,16,16,0,1,1
0022301191,4,429.0,429.0,25,16,16,0,1,1
0022301191,4,429.0,429.0,25,16,16,0,1,1
0022301191,4,429.0,429.0,25,16,16,0,1,1
0022301191,4,429.0,429.0,25,16,16,0,1,1
0022301191,4,429.0,429.0,25,16,16,0,1,1
0022301191,4,429.0,429.0,25,16,16,0,1,1
0022301191,4,417.0,417.0,23,16,16,0,0,1
0022301191,4,394.0,394.0,26,16,16,0,1,1
0022301191,4,382.0,382.0,24,16,16,0,0,1
0022301191,4,359.0,359.0,26,16,16,0,1,1
0022301191,4,345.0,345.0,24,16,16,0,0,1
0022301191,4,326.0,326.0,24,16,16,0,1,1
0022301191,4,326.0,326.0,24,16,16,0,1,1
0022301191,4,316.0,316.0,24,16,16,0,1,1
0022301191,4,316.0,316.0,24,16,16,0,1,1
0022301191,4,316.0,316.0,24,16,16,0,1,1
0022301191,4,316.0,316.0,24,16,16,0,1,1
0022301191,4,316.0,316.0,24,16,16,0,1,1
0022301191,4,305.0,305.0,24,16,16,0,0,1
0022301191,4,305.0,305.0,24,16,16,0,0,1
0022301191,4,305.0,305.0,24,16,16,0,1,1
0022301191,4,291.0,291.0,24,16,17,-1,1,1
0022301191,4,284.0,284.0,27,16,17,-1,1,1
0022301191,4,263.0,263.0,27,16,17,-1,0,1
0022301191,4,263.0,263.0,27,16,17,-1,0,1
0022301191,4,237.0,237.0,27,16,17,-1,1,1
0022301191,4,234.0,234.0,27,16,17,-1,0,1
0022301191,4,233.0,233.0,27,17,17,0,0,1
0022301191,4,233.0,233.0,27,17,17,0,0,1
0022301191,4,233.0,233.0,27,17,17,0,0,1
0022301191,4,224.0,224.0,27,17,17,0,0,1
0022301191,4,220.0,220.0,27,17,17,0,1,1
0022301191,4,200.0,200.0,30,17,17,0,1,1
0022301191,4,185.0,185.0,30,17,17,0,0,1
0022301191,4,183.0,183.0,30,17,17,0,1,1
0022301191,4,176.0,176.0,30,17,17,0,1,1
0022301191,4,172.0,172.0,30,17,17,0,0,1
0022301191,4,162.0,162.0,28,17,17,0,0,1
0022301191,4,148.0,148.0,28,17,17,0,1,1
0022301191,4,148.0,148.0,28,17,17,0,1,1
0022301191,4,142.0,142.0,28,17,17,0,0,1
0022301191,4,142.0,142.0,28,17,17,0,0,1
0022301191,4,139.0,139.0,30,17,17,0,1,1
0022301191,4,129.0,129.0,30,18,17,1,1,1
0022301191,4,125.0,125.0,30,19,17,2,1,1
0022301191,4,116.0,116.0,30,19,17,2,0,1
0022301191,4,114.0,114.0,30,19,17,2,1,1
0022301191,4,103.0,103.0,30,19,17,2,1,1
0022301191,4,100.0,100.0,30,19,17,2,0,1
0022301191,4,91.0,91.0,27,19,17,2,0,1
0022301191,4,81.0,81.0,27,19,17,2,1,1
0022301191,4,81.0,81.0,27,19,17,2,1,1
0022301191,4,77.0,77.0,25,19,17,2,0,1
0022301191,4,60.0,60.0,25,19,18,1,0,1
0022301191,4,60.0,60.0,26,19,18,1,1,1
0022301191,4,60.0,60.0,27,19,18,1,1,1
0022301191,4,55.9,55.9,25,19,18,1,0,1
0022301191,4,36.8,36.8,25,19,18,1,1,1
0022301191,4,31.3,31.3,25,19,18,1,0,1
0022301191,4,28.5,28.5,25,19,18,1,0,1
0022301191,4,23.3,23.3,25,19,18,1,1,1
0022301191,4,1.9,1.9,25,19,18,1,1,1
0022301191,4,0.0,0.0,25,19,18,1,1,1
0022301189,1,720.0,2880.0,0,0,0,0,0,1
0022301189,1,720.0,2880.0,0,0,0,0,0,1
0022301189,1,698.0,2858.0,3,0,0,0,1,1
0022301189,1,682.0,2842.0,3,0,0,0,0,1
0022301189,1,680.0,2840.0,3,0,0,0,1,1
0022301189,1,672.0,2832.0,3,0,0,0,1,1
0022301189,1,671.0,2831.0,3,0,0,0,0,1
0022301189,1,652.0,2812.0,3,0,0,0,0,1
0022301189,1,650.0,2810.0,3,0,0,0,1,1
0022301189,1,645.0,2805.0,3,0,0,0,1,1
0022301189,1,645.0,2805.0,3,0,0,0,1,1
0022301189,1,634.0,2794.0,1,0,0,0,0,1
0022301189,1,620.0,2780.0,1,0,0,0,1,1
0022301189,1,617.0,2777.0,1,0,0,0,0,1
0022301189,1,608.0,2768.0,-1,0,0,0,0,1
0022301189,1,608.0,2768.0,-1,1,0,1,0,1
0022301189,1,608.0,2768.0,-2,1,0,1,0,1
0022301189,1,589.0,2749.0,1,1,0,1,1,1
0022301189,1,577.0,2737.0,1,1,0,1,0,1
0022301189,1,575.0,2735.0,1,1,0,1,1,1
0022301189,1,572.0,2732.0,1,1,1,0,1,1
0022301189,1,572.0,2732.0,2,1,1,0,1,1
0022301189,1,572.0,2732.0,3,1,1,0,1,1
0022301189,1,553.0,2713.0,3,2,1,1,1,1
0022301189,1,553.0,2713.0,2,2,1,1,0,1
0022301189,1,553.0,2713.0,1,2,1,1,0,1
0022301189,1,553.0,2713.0,0,2,1,1,0,1
0022301189,1,543.0,2703.0,0,2,1,1,1,1
0022301189,1,530.0,2690.0,0,2,1,1,0,1
0022301189,1,530.0,2690.0,0,2,1,1,0,1
0022301189,1,520.0,2680.0,0,2,1,1,1,1
0022301189,1,520.0,2680.0,0,2,1,1,1,1
0022301189,1,515.0,2675.0,-2,2,1,1,0,1
0022301189,1,499.0,2659.0,-2,2,1,1,1,1
0022301189,1,497.0,2657.0,-2,2,1,1,0,1
0022301189,1,489.0,2649.0,-2,2,1,1,0,1
0022301189,1,489.0,2649.0,-2,2,1,1,0,1
0022301189,1,484.0,2644.0,-2,2,1,1,1,1
0022301189,1,480.0,2640.0,-2,2,1,1,0,1
0022301189,1,471.0,2631.0,-4,2,1,1,0,1
0022301189,1,454.0,2614.0,-4,2,1,1,1,1
0022301189,1,451.0,2611.0,-4,2,1,1,0,1
0022301189,1,446.0,2606.0,-4,2,1,1,0,1
0022301189,1,443.0,2603.0,-4,2,1,1,1,1
0022301189,1,436.0,2596.0,-4,2,2,0,1,1
0022301189,1,426.0,2586.0,-4,2,2,0,1,1
0022301189,1,425.0,2585.0,-4,2,2,0,1,1
0022301189,1,425.0,2585.0,-2,2,2,0,1,1
0022301189,1,415.0,2575.0,-2,3,2,1,1,1
0022301189,1,415.0,2575.0,-2,3,2,1,1,1
0022301189,1,415.0,2575.0,-3,3,2,1,0,1
0022301189,1,415.0,2575.0,-3,3,2,1,0,1
0022301189,1,409.0,2569.0,-3,3,2,1,1,1
0022301189,1,387.0,2547.0,-3,3,2,1,1,1
0022301189,1,387.0,2547.0,-3,3,2,1,0,1
0022301189,1,380.0,2540.0,-3,3,2,1,0,1
0022301189,1,372.0,2532.0,-3,3,3,0,0,1
0022301189,1,372.0,2532.0,-3,3,3,0,1,1
0022301189,1,372.0,2532.0,-3,3,3,0,1,1
0022301189,1,357.0,2517.0,-3,3,3,0,1,1
0022301189,1,353.0,2513.0,-3,3,3,0,0,1
0022301189,1,345.0,2505.0,-3,3,3,0,0,1
0022301189,1,345.0,2505.0,-3,3,3,0,0,1
0022301189,1,342.0,2502.0,-3,3,3,0,1,1
0022301189,1,341.0,2501.0,-3,3,3,0,1,1
0022301189,1,340.0,2500.0,-3,3,3,0,1,1
0022301189,1,339.0,2499.0,-3,3,3,0,1,1
0022301189,1,337.0,2497.0,-1,3,3,0,1,1
0022301189,1,322.0,2482.0,-1,3,3,0,0,1
0022301189,1,322.0,2482.0,-1,3,3,0,1,1
0022301189,1,308.0,2468.0,1,3,3,0,1,1
0022301189,1,299.0,2459.0,1,3,3,0,0,1
0022301189,1,299.0,2459.0,1,3,3,0,1,1
0022301189,1,299.0,2459.0,1,3,3,0,1,1
0022301189,1,299.0,2459.0,1,3,3,0,1,1
0022301189,1,289.0,2449.0,1,3,3,0,1,1
0022301189,1,285.0,2445.0,1,3,3,0,0,1
0022301189,1,271.0,2431.0,1,3,3,0,0,1
0022301189,1,269.0,2429.0,1,3,3,0,0,1
0022301189,1,269.0,2429.0,1,4,3,1,0,1
0022301189,1,269.0,2429.0,1,4,3,1,0,1
0022301189,1,263.0,2423.0,1,4,3,1,0,1
0022301189,1,263.0,2423.0,1,4,3,1,1,1
0022301189,1,248.0,2408.0,1,4,3,1,1,1
0022301189,1,243.0,2403.0,1,4,3,1,1,1
0022301189,1,241.0,2401.0,3,4,3,1,1,1
0022301189,1,241.0,2401.0,3,4,3,1,1,1
0022301189,1,241.0,2401.0,3,4,3,1,1,1
0022301189,1,241.0,2401.0,3,4,3,1,1,1
0022301189,1,231.0,2391.0,1,4,3,1,0,1
0022301189,1,217.0,2377.0,1,4,4,0,0,1
0022301189,1,217.0,2377.0,2,4,4,0,1,1
0022301189,1,217.0,2377.0,2,4,4,0,1,1
0022301189,1,217.0,2377.0,3,4,4,0,1,1
0022301189,1,216.0,2376.0,3,5,4,1,1,1
0022301189,1,216.0,2376.0,2,5,4,1,0,1
0022301189,1,216.0,2376.0,2,5,4,1,0,1
0022301189,1,216.0,2376.0,1,5,4,1,0,1
0022301189,1,206.0,2366.0,1,5,4,1,1,1
0022301189,1,204.0,2364.0,1,5,4,1,0,1
0022301189,1,187.0,2347.0,1,5,4,1,0,1
0022301189,1,184.0,2344.0,1,5,4,1,1,1
0022301189,1,181.0,2341.0,1,5,4,1,1,1
0022301189,1,158.0,2318.0,-1,5,4,1,0,1
0022301189,1,148.0,2308.0,-1,5,5,0,0,1
0022301189,1,148.0,2308.0,-1,5,5,0,0,1
0022301189,1,148.0,2308.0,-1,5,5,0,0,1
0022301189,1,135.0,2295.0,-1,5,5,0,1,1
0022301189,1,118.0,2278.0,-1,5,5,0,0,1
0022301189,1,115.0,2275.0,-1,5,5,0,1,1
0022301189,1,107.0,2267.0,-1,6,5,1,1,1
0022301189,1,107.0,2267.0,-1,6,5,1,1,1
0022301189,1,107.0,2267.0,-1,6,5,1,1,1
0022301189,1,92.0,2252.0,-1,6,5,1,0,1
0022301189,1,89.0,2249.0,-1,6,5,1,1,1
0022301189,1,72.0,2232.0,1,6,5,1,1,1
0022301189,1,59.4,2219.4,-1,6,5,1,0,1
0022301189,1,45.4,2205.4,-1,6,6,0,0,1
0022301189,1,45.4,2205.4,0,6,6,0,1,1
0022301189,1,45.4,2205.4,1,6,6,0,1,1
0022301189,1,31.5,2191.5,1,7,6,1,1,1
0022301189,1,31.5,2191.5,1,7,6,1,0,1
0022301189,1,31.5,2191.5,1,7,6,1,0,1
0022301189,1,31.5,2191.5,1,7,6,1,0,1
0022301189,1,31.5,2191.5,0,7,6,1,0,1
0022301189,1,22.8,2182.8,0,7,7,0,0,1
0022301189,1,22.8,2182.8,1,7,7,0,1,1
0022301189,1,22.8,2182.8,1,7,7,0,1,1
0022301189,1,22.8,2182.8,2,7,7,0,1,1
0022301189,1,4.5,2164.5,0,7,7,0,0,1
0022301189,1,0.0,2160.0,0,7,7,0,1,1
0022301189,1,0.0,2160.0,0,7,7,0,1,1
0022301189,2,720.0,2160.0,0,7,7,0,1,1
0022301189,2,701.0,2141.0,0,7,7,0,0,1
0022301189,2,694.0,2134.0,0,7,7,0,0,1
0022301189,2,694.0,2134.0,0,7,7,0,0,1
0022301189,2,693.0,2133.0,0,7,7,0,1,1
0022301189,2,681.0,2121.0,0,7,8,-1,1,1
0022301189,2,681.0,2121.0,0,7,8,-1,1,1
0022301189,2,681.0,2121.0,0,7,8,-1,1,1
0022301189,2,675.0,2115.0,0,7,9,-2,1,1
0022301189,2,675.0,2115.0,1,7,9,-2,1,1
0022301189,2,661.0,2101.0,1,7,9,-2,1,1
0022301189,2,658.0,2098.0,1,7,9,-2,0,1
0022301189,2,652.0,2092.0,1,7,9,-2,0,1
0022301189,2,652.0,2092.0,1,7,9,-2,0,1
0022301189,2,652.0,2092.0,1,7,9,-2,0,1
0022301189,2,634.0,2074.0,-1,7,9,-2,0,1
0022301189,2,609.0,2049.0,-1,7,9,-2,1,1
0022301189,2,605.0,2045.0,-1,7,9,-2,0,1
0022301189,2,596.0,2036.0,-4,7,9,-2,0,1
0022301189,2,578.0,2018.0,-2,7,9,-2,1,1
0022301189,2,565.0,2005.0,-2,7,9,-2,0,1
0022301189,2,565.0,2005.0,-2,7,9,-2,0,1
0022301189,2,560.0,2000.0,0,7,9,-2,1,1
0022301189,2,543.0,1983.0,-2,7,9,-2,0,1
0022301189,2,543.0,1983.0,-2,8,9,-1,0,1
0022301189,2,543.0,1983.0,-2,8,9,-1,0,1
0022301189,2,539.0,1979.0,-2,8,9,-1,1,1
0022301189,2,531.0,1971.0,-2,8,9,-1,1,1
0022301189,2,529.0,1969.0,-2,8,9,-1,0,1
0022301189,2,506.0,1946.0,-2,8,9,-1,0,1
0022301189,2,502.0,1942.0,-2,8,9,-1,1,1
0022301189,2,489.0,1929.0,0,8,9,-1,1,1
0022301189,2,466.0,1906.0,0,8,9,-1,0,1
0022301189,2,463.0,1903.0,0,8,9,-1,0,1
0022301189,2,458.0,1898.0,-2,8,9,-1,0,1
0022301189,2,439.0,1879.0,1,8,9,-1,1,1
0022301189,2,421.0,1861.0,-1,8,9,-1,0,1
0022301189,2,405.0,1845.0,1,8,9,-1,1,1
0022301189,2,390.0,1830.0,1,8,9,-1,0,1
0022301189,2,390.0,1830.0,1,8,9,-1,0,1
0022301189,2,386.0,1826.0,1,8,9,-1,0,1
0022301189,2,385.0,1825.0,1,8,9,-1,0,1
0022301189,2,385.0,1825.0,1,8,9,-1,0,1
0022301189,2,380.0,1820.0,1,8,9,-1,1,1
0022301189,2,376.0,1816.0,1,8,9,-1,1,1
0022301189,2,375.0,1815.0,3,8,9,-1,1,1
0022301189,2,364.0,1804.0,3,8,9,-1,0,1
0022301189,2,360.0,1800.0,3,8,9,-1,1,1
0022301189,2,350.0,1790.0,5,8,9,-1,1,1
0022301189,2,350.0,1790.0,5,8,9,-1,1,1
0022301189,2,350.0,1790.0,5,8,9,-1,1,1
0022301189,2,350.0,1790.0,5,8,9,-1,1,1
0022301189,2,350.0,1790.0,5,8,9,-1,1,1
0022301189,2,350.0,1790.0,5,8,9,-1,1,1
0022301189,2,350.0,1790.0,5,8,9,-1,1,1
0022301189,2,350.0,1790.0,5,8,9,-1,1,1
0022301189,2,350.0,1790.0,5,8,9,-1,1,1
0022301189,2,339.0,1779.0,5,8,9,-1,0,1
0022301189,2,339.0,1779.0,5,8,9,-1,0,1
0022301189,2,333.0,1773.0,5,8,9,-1,1,1
0022301189,2,333.0,1773.0,5,8,9,-1,1,1
0022301189,2,333.0,1773.0,5,8,9,-1,1,1
0022301189,2,330.0,1770.0,7,8,9,-1,1,1
0022301189,2,330.0,1770.0,7,8,10,-2,1,1
0022301189,2,330.0,1770.0,8,8,10,-2,1,1
0022301189,2,312.0,1752.0,6,8,10,-2,0,1
0022301189,2,292.0,1732.0,9,8,10,-2,1,1
0022301189,2,274.0,1714.0,9,8,10,-2,0,1
0022301189,2,271.0,1711.0,9,8,10,-2,1,1
0022301189,2,270.0,1710.0,9,8,10,-2,1,1
0022301189,2,259.0,1699.0,9,8,11,-3,1,1
0022301189,2,259.0,1699.0,9,8,11,-3,0,1
0022301189,2,244.0,1684.0,12,8,11,-3,1,1
0022301189,2,241.0,1681.0,12,8,11,-3,1,1
0022301189,2,241.0,1681.0,12,8,11,-3,1,1
0022301189,2,226.0,1666.0,12,8,11,-3,0,1
0022301189,2,226.0,1666.0,12,8,11,-3,0,1
0022301189,2,226.0,1666.0,12,8,11,-3,0,1
0022301189,2,225.0,1665.0,12,8,11,-3,0,1
0022301189,2,213.0,1653.0,14,8,11,-3,1,1
0022301189,2,197.0,1637.0,14,8,11,-3,0,1
0022301189,2,197.0,1637.0,14,8,11,-3,0,1
0022301189,2,192.0,1632.0,14,8,12,-4,0,1
0022301189,2,180.0,1620.0,14,8,12,-4,1,1
0022301189,2,175.0,1615.0,14,8,12,-4,0,1
0022301189,2,169.0,1609.0,12,8,12,-4,0,1
0022301189,2,164.0,1604.0,15,8,12,-4,1,1
0022301189,2,148.0,1588.0,15,8,12,-4,0,1
0022301189,2,145.0,1585.0,15,8,12,-4,1,1
0022301189,2,139.0,1579.0,17,8,12,-4,1,1
0022301189,2,128.0,1568.0,17,8,12,-4,0,1
0022301189,2,128.0,1568.0,17,8,12,-4,0,1
0022301189,2,127.0,1567.0,17,8,12,-4,1,1
0022301189,2,116.0,1556.0,15,8,12,-4,0,1
0022301189,2,109.0,1549.0,15,8,13,-5,0,1
0022301189,2,101.0,1541.0,17,8,13,-5,1,1
0022301189,2,88.0,1528.0,17,8,13,-5,0,1
0022301189,2,84.0,1524.0,17,8,13,-5,1,1
0022301189,2,71.0,1511.0,19,8,13,-5,1,1
0022301189,2,57.4,1497.4,19,8,13,-5,0,1
0022301189,2,57.4,1497.4,19,8,13,-5,0,1
0022301189,2,40.9,1480.9,21,8,13,-5,1,1
0022301189,2,36.7,1476.7,21,8,13,-5,0,1
0022301189,2,31.9,1471.9,24,8,13,-5,1,1
0022301189,2,26.7,1466.7,24,8,13,-5,0,1
0022301189,2,24.5,1464.5,24,8,13,-5,0,1
0022301189,2,23.0,1463.0,22,8,13,-5,0,1
0022301189,2,23.0,1463.0,22,9,13,-4,0,1
0022301189,2,23.0,1463.0,21,9,13,-4,0,1
0022301189,2,6.7,1446.7,23,9,13,-4,1,1
0022301189,2,0.5,1440.5,23,9,13,-4,0,1
0022301189,2,0.5,1440.5,23,9,13,-4,0,1
0022301189,2,0.2,1440.2,21,9,13,-4,0,1
0022301189,2,0.0,1440.0,21,9,13,-4,0,1
0022301189,3,720.0,1440.0,21,9,13,-4,0,1
0022301189,3,705.0,1425.0,21,9,13,-4,0,1
0022301189,3,705.0,1425.0,21,9,13,-4,0,1
0022301189,3,702.0,1422.0,21,9,13,-4,1,1
0022301189,3,694.0,1414.0,21,9,13,-4,1,1
0022301189,3,679.0,1399.0,21,9,13,-4,0,1
0022301189,3,676.0,1396.0,21,9,13,-4,0,1
0022301189,3,675.0,1395.0,18,9,13,-4,0,1
0022301189,3,651.0,1371.0,18,9,13,-4,1,1
0022301189,3,636.0,1356.0,18,9,13,-4,0,1
0022301189,3,635.0,1355.0,18,9,13,-4,0,1
0022301189,3,635.0,1355.0,16,9,13,-4,0,1
0022301189,3,616.0,1336.0,16,9,13,-4,1,1
0022301189,3,613.0,1333.0,16,9,13,-4,1,1
0022301189,3,604.0,1324.0,18,9,13,-4,1,1
0022301189,3,590.0,1310.0,18,10,13,-3,1,1
0022301189,3,584.0,1304.0,18,10,13,-3,0,1
0022301189,3,581.0,1301.0,18,10,13,-3,1,1
0022301189,3,576.0,1296.0,18,10,14,-4,1,1
0022301189,3,569.0,1289.0,18,10,14,-4,1,1
0022301189,3,565.0,1285.0,18,10,14,-4,0,1
0022301189,3,557.0,1277.0,18,10,14,-4,0,1
0022301189,3,557.0,1277.0,18,10,14,-4,0,1
0022301189,3,555.0,1275.0,18,10,14,-4,0,1
0022301189,3,550.0,1270.0,18,10,14,-4,0,1
0022301189,3,548.0,1268.0,18,10,14,-4,0,1
0022301189,3,543.0,1263.0,16,10,14,-4,0,1
0022301189,3,530.0,1250.0,18,10,14,-4,1,1
0022301189,3,515.0,1235.0,15,10,14,-4,0,1
0022301189,3,494.0,1214.0,17,10,14,-4,1,1
0022301189,3,486.0,1206.0,14,10,14,-4,0,1
0022301189,3,464.0,1184.0,14,10,15,-5,0,1
0022301189,3,464.0,1184.0,15,10,15,-5,1,1
0022301189,3,464.0,1184.0,16,10,15,-5,1,1
0022301189,3,449.0,1169.0,16,10,15,-5,0,1
0022301189,3,449.0,1169.0,16,10,15,-5,0,1
0022301189,3,434.0,1154.0,16,10,15,-5,1,1
0022301189,3,434.0,1154.0,16,10,15,-5,1,1
0022301189,3,426.0,1146.0,16,10,15,-5,0,1
0022301189,3,425.0,1145.0,16,10,15,-5,0,1
0022301189,3,425.0,1145.0,16,10,15,-5,0,1
0022301189,3,424.0,1144.0,16,10,15,-5,0,1
0022301189,3,424.0,1144.0,14,10,15,-5,0,1
0022301189,3,404.0,1124.0,14,10,16,-6,0,1
0022301189,3,404.0,1124.0,14,10,16,-6,0,1
0022301189,3,404.0,1124.0,14,10,16,-6,0,1
0022301189,3,391.0,1111.0,16,10,16,-6,1,1
0022301189,3,366.0,1086.0,16,10,16,-6,0,1
0022301189,3,361.0,1081.0,16,10,16,-6,1,1
0022301189,3,358.0,1078.0,18,10,16,-6,1,1
0022301189,3,349.0,1069.0,18,10,16,-6,0,1
0022301189,3,346.0,1066.0,18,10,16,-6,1,1
0022301189,3,342.0,1062.0,18,10,16,-6,1,1
0022301189,3,342.0,1062.0,18,10,16,-6,1,1
0022301189,3,330.0,1050.0,18,10,16,-6,0,1
0022301189,3,326.0,1046.0,18,10,16,-6,1,1
0022301189,3,313.0,1033.0,18,10,16,-6,1,1
0022301189,3,313.0,1033.0,18,10,16,-6,1,1
0022301189,3,313.0,1033.0,18,10,16,-6,1,1
0022301189,3,306.0,1026.0,15,10,16,-6,0,1
0022301189,3,284.0,1004.0,15,10,16,-6,1,1
0022301189,3,281.0,1001.0,15,10,16,-6,0,1
0022301189,3,257.0,977.0,13,10,16,-6,0,1
0022301189,3,238.0,958.0,13,10,16,-6,1,1
0022301189,3,238.0,958.0,13,10,16,-6,1,1
0022301189,3,234.0,954.0,13,10,16,-6,1,1
0022301189,3,228.0,948.0,13,10,16,-6,1,1
0022301189,3,228.0,948.0,13,10,16,-6,1,1
0022301189,3,224.0,944.0,15,10,16,-6,1,1
0022301189,3,214.0,934.0,15,10,16,-6,0,1
0022301189,3,214.0,934.0,15,10,16,-6,1,1
0022301189,3,214.0,934.0,15,10,16,-6,1,1
0022301189,3,214.0,934.0,15,10,16,-6,1,1
0022301189,3,214.0,934.0,15,10,16,-6,1,1
0022301189,3,201.0,921.0,15,10,17,-7,1,1
0022301189,3,192.0,912.0,17,10,17,-7,1,1
0022301189,3,167.0,887.0,17,10,17,-7,0,1
0022301189,3,167.0,887.0,17,10,17,-7,0,1
0022301189,3,156.0,876.0,17,10,17,-7,1,1
0022301189,3,156.0,876.0,17,10,17,-7,1,1
0022301189,3,155.0,875.0,17,10,17,-7,1,1
0022301189,3,154.0,874.0,19,10,17,-7,1,1
0022301189,3,154.0,874.0,19,10,18,-8,1,1
0022301189,3,154.0,874.0,19,10,18,-8,1,1
0022301189,3,154.0,874.0,19,10,18,-8,1,1
0022301189,3,154.0,874.0,19,10,18,-8,1,1
0022301189,3,154.0,874.0,19,10,18,-8,1,1
0022301189,3,154.0,874.0,19,10,18,-8,1,1
0022301189,3,154.0,874.0,19,10,18,-8,1,1
0022301189,3,154.0,874.0,20,10,18,-8,1,1
0022301189,3,142.0,862.0,20,10,18,-8,0,1
0022301189,3,142.0,862.0,20,10,18,-8,0,1
0022301189,3,138.0,858.0,22,10,18,-8,1,1
0022301189,3,124.0,844.0,22,10,18,-8,0,1
0022301189,3,121.0,841.0,22,10,18,-8,1,1
0022301189,3,113.0,833.0,24,10,18,-8,1,1
0022301189,3,113.0,833.0,24,10,19,-9,1,1
0022301189,3,113.0,833.0,24,10,19,-9,1,1
0022301189,3,113.0,833.0,25,10,19,-9,1,1
0022301189,3,107.0,827.0,25,11,19,-8,1,1
0022301189,3,101.0,821.0,23,11,19,-8,0,1
0022301189,3,71.0,791.0,23,11,19,-8,1,1
0022301189,3,69.0,789.0,23,11,19,-8,0,1
0022301189,3,53.5,773.5,23,11,19,-8,0,1
0022301189,3,51.7,771.7,23,11,19,-8,1,1
0022301189,3,36.3,756.3,26,11,19,-8,1,1
0022301189,3,22.1,742.1,26,12,19,-7,1,1
0022301189,3,22.1,742.1,25,12,19,-7,0,1
0022301189,3,14.7,734.7,25,12,19,-7,0,1
0022301189,3,2.6,722.6,23,12,19,-7,0,1
0022301189,3,1.1,721.1,23,12,19,-7,1,1
0022301189,3,0.1,720.1,23,12,19,-7,1,1
0022301189,3,0.0,720.0,23,12,19,-7,1,1
0022301189,4,720.0,720.0,23,12,19,-7,1,1
0022301189,4,703.0,703.0,23,12,19,-7,1,1
0022301189,4,678.0,678.0,23,12,19,-7,0,1
0022301189,4,675.0,675.0,23,12,19,-7,1,1
0022301189,4,663.0,663.0,23,12,19,-7,1,1
0022301189,4,661.0,661.0,23,12,19,-7,0,1
0022301189,4,655.0,655.0,23,12,19,-7,0,1
0022301189,4,653.0,653.0,23,12,19,-7,1,1
0022301189,4,646.0,646.0,23,12,19,-7,1,1
0022301189,4,643.0,643.0,23,12,19,-7,0,1
0022301189,4,636.0,636.0,23,12,20,-8,0,1
0022301189,4,636.0,636.0,23,12,20,-8,0,1
0022301189,4,623.0,623.0,25,12,20,-8,1,1
0022301189,4,623.0,623.0,25,12,21,-9,1,1
0022301189,4,623.0,623.0,26,12,21,-9,1,1
0022301189,4,609.0,609.0,26,12,21,-9,0,1
0022301189,4,606.0,606.0,26,12,21,-9,1,1
0022301189,4,596.0,596.0,28,12,21,-9,1,1
0022301189,4,583.0,583.0,28,12,21,-9,0,1
0022301189,4,579.0,579.0,28,12,21,-9,1,1
0022301189,4,566.0,566.0,28,12,21,-9,0,1
0022301189,4,562.0,562.0,28,12,21,-9,1,1
0022301189,4,552.0,552.0,28,12,21,-9,1,1
0022301189,4,549.0,549.0,28,12,21,-9,0,1
0022301189,4,543.0,543.0,28,12,21,-9,0,1
0022301189,4,542.0,542.0,28,12,21,-9,0,1
0022301189,4,542.0,542.0,28,12,21,-9,0,1
0022301189,4,541.0,541.0,28,12,21,-9,0,1
0022301189,4,540.0,540.0,26,12,21,-9,0,1
0022301189,4,515.0,515.0,29,12,21,-9,1,1
0022301189,4,500.0,500.0,29,12,21,-9,0,1
0022301189,4,497.0,497.0,29,12,21,-9,1,1
0022301189,4,495.0,495.0,29,12,21,-9,1,1
0022301189,4,492.0,492.0,29,12,21,-9,1,1
0022301189,4,486.0,486.0,29,12,21,-9,1,1
0022301189,4,483.0,483.0,29,12,21,-9,0,1
0022301189,4,479.0,479.0,29,12,21,-9,0,1
0022301189,4,477.0,477.0,29,12,21,-9,1,1
0022301189,4,477.0,477.0,29,12,22,-10,1,1
0022301189,4,477.0,477.0,30,12,22,-10,1,1
0022301189,4,477.0,477.0,30,12,22,-10,1,1
0022301189,4,477.0,477.0,30,12,22,-10,1,1
0022301189,4,477.0,477.0,30,12,22,-10,1,1
0022301189,4,465.0,465.0,30,12,22,-10,1,1
0022301189,4,460.0,460.0,30,12,22,-10,0,1
0022301189,4,451.0,451.0,28,12,22,-10,0,1
0022301189,4,439.0,439.0,28,12,22,-10,1,1
0022301189,4,428.0,428.0,26,12,22,-10,0,1
0022301189,4,427.0,427.0,26,12,22,-10,0,1
0022301189,4,410.0,410.0,26,12,23,-11,0,1
0022301189,4,410.0,410.0,27,12,23,-11,1,1
0022301189,4,410.0,410.0,27,12,23,-11,1,1
0022301189,4,407.0,407.0,27,12,23,-11,0,1
0022301189,4,393.0,393.0,24,12,23,-11,0,1
0022301189,4,375.0,375.0,24,12,23,-11,1,1
0022301189,4,375.0,375.0,24,12,23,-11,1,1
0022301189,4,366.0,366.0,24,12,23,-11,0,1
0022301189,4,364.0,364.0,24,12,23,-11,1,1
0022301189,4,360.0,360.0,26,12,23,-11,1,1
0022301189,4,336.0,336.0,23,12,23,-11,0,1
0022301189,4,317.0,317.0,25,12,23,-11,1,1
0022301189,4,299.0,299.0,22,12,23,-11,0,1
0022301189,4,280.0,280.0,22,12,23,-11,1,1
0022301189,4,278.0,278.0,22,12,23,-11,0,1
0022301189,4,274.0,274.0,20,12,23,-11,0,1
0022301189,4,257.0,257.0,22,12,23,-11,1,1
0022301189,4,247.0,247.0,22,12,23,-11,0,1
0022301189,4,247.0,247.0,22,12,23,-11,0,1
0022301189,4,243.0,243.0,24,12,23,-11,1,1
0022301189,4,224.0,224.0,21,12,23,-11,0,1
0022301189,4,208.0,208.0,21,12,23,-11,1,1
0022301189,4,205.0,205.0,21,12,23,-11,0,1
0022301189,4,198.0,198.0,21,12,23,-11,0,1
0022301189,4,198.0,198.0,21,12,23,-11,0,1
0022301189,4,197.0,197.0,21,12,23,-11,1,1
0022301189,4,194.0,194.0,23,12,23,-11,1,1
0022301189,4,185.0,185.0,21,12,23,-11,0,1
0022301189,4,163.0,163.0,21,12,23,-11,1,1
0022301189,4,159.0,159.0,21,12,23,-11,1,1
0022301189,4,151.0,151.0,21,12,23,-11,1,1
0022301189,4,144.0,144.0,21,12,23,-11,0,1
0022301189,4,136.0,136.0,21,12,23,-11,0,1
0022301189,4,134.0,134.0,21,12,23,-11,1,1
0022301189,4,122.0,122.0,21,12,23,-11,1,1
0022301189,4,121.0,121.0,21,12,23,-11,1,1
0022301189,4,121.0,121.0,23,12,23,-11,1,1
0022301189,4,113.0,113.0,23,13,23,-10,1,1
0022301189,4,113.0,113.0,23,13,23,-10,1,1
0022301189,4,113.0,113.0,23,13,23,-10,1,1
0022301189,4,113.0,113.0,23,13,23,-10,1,1
0022301189,4,113.0,113.0,23,13,23,-10,1,1
0022301189,4,113.0,113.0,23,13,23,-10,1,1
0022301189,4,106.0,106.0,23,13,23,-10,0,1
0022301189,4,104.0,104.0,23,13,23,-10,0,1
0022301189,4,104.0,104.0,21,13,23,-10,0,1
0022301189,4,82.0,82.0,21,13,23,-10,1,1
0022301189,4,78.0,78.0,21,13,23,-10,0,1
0022301189,4,76.0,76.0,21,14,23,-9,0,1
0022301189,4,76.0,76.0,20,14,23,-9,0,1
0022301189,4,76.0,76.0,19,14,23,-9,0,1
0022301189,4,66.0,66.0,19,14,23,-9,1,1
0022301189,4,63.0,63.0,19,14,23,-9,0,1
0022301189,4,57.1,57.1,19,15,23,-8,0,1
0022301189,4,57.1,57.1,18,15,23,-8,0,1
0022301189,4,57.1,57.1,17,15,23,-8,0,1
0022301189,4,50.7,50.7,17,15,23,-8,1,1
0022301189,4,50.7,50.7,17,15,23,-8,1,1
0022301189,4,46.6,46.6,17,16,23,-7,1,1
0022301189,4,46.6,46.6,16,16,23,-7,0,1
0022301189,4,46.6,46.6,15,16,23,-7,0,1
0022301189,4,32.7,32.7,15,16,23,-7,1,1
0022301189,4,29.7,29.7,15,16,23,-7,0,1
0022301189,4,28.5,28.5,15,16,23,-7,0,1
0022301189,4,28.5,28.5,15,16,23,-7,0,1
0022301189,4,28.5,28.5,15,16,23,-7,0,1
0022301189,4,27.1,27.1,15,17,23,-6,0,1
0022301189,4,27.1,27.1,14,17,23,-6,0,1
0022301189,4,27.1,27.1,13,17,23,-6,0,1
0022301189,4,6.4,6.4,15,17,23,-6,1,1
0022301189,4,0.7,0.7,15,17,23,-6,0,1
0022301189,4,0.7,0.7,15,17,23,-6,0,1
0022301189,4,0.0,0.0,15,17,23,-6,0,1
0022301200,1,720.0,2880.0,0,0,0,0,0,1
0022301200,1,720.0,2880.0,0,0,0,0,0,1
0022301200,1,701.0,2861.0,0,0,0,0,0,1
0022301200,1,701.0,2861.0,0,0,0,0,0,1
0022301200,1,698.0,2858.0,0,0,0,0,0,1
0022301200,1,695.0,2855.0,0,0,0,0,0,1
0022301200,1,695.0,2855.0,0,1,0,1,0,1
0022301200,1,695.0,2855.0,-1,1,0,1,0,1
0022301200,1,695.0,2855.0,-2,1,0,1,0,1
0022301200,1,683.0,2843.0,0,1,0,1,1,1
0022301200,1,683.0,2843.0,0,1,1,0,1,1
0022301200,1,683.0,2843.0,0,1,1,0,1,1
0022301200,1,680.0,2840.0,0,1,1,0,0,1
0022301200,1,666.0,2826.0,0,1,1,0,0,1
0022301200,1,666.0,2826.0,0,1,1,0,0,1
0022301200,1,660.0,2820.0,3,1,1,0,1,1
0022301200,1,636.0,2796.0,3,1,1,0,0,1
0022301200,1,632.0,2792.0,3,1,1,0,0,1
0022301200,1,631.0,2791.0,3,1,1,0,0,1
0022301200,1,630.0,2790.0,3,1,1,0,0,1
0022301200,1,629.0,2789.0,1,1,1,0,0,1
0022301200,1,609.0,2769.0,4,1,1,0,1,1
0022301200,1,591.0,2751.0,4,1,1,0,0,1
0022301200,1,578.0,2738.0,4,1,2,-1,0,1
0022301200,1,578.0,2738.0,5,1,2,-1,1,1
0022301200,1,578.0,2738.0,6,1,2,-1,1,1
0022301200,1,567.0,2727.0,6,1,2,-1,0,1
0022301200,1,562.0,2722.0,6,1,2,-1,1,1
0022301200,1,556.0,2716.0,6,1,2,-1,1,1
0022301200,1,556.0,2716.0,6,1,2,-1,1,1
0022301200,1,549.0,2709.0,4,1,2,-1,0,1
0022301200,1,536.0,2696.0,4,1,2,-1,1,1
0022301200,1,531.0,2691.0,4,1,2,-1,0,1
0022301200,1,526.0,2686.0,4,1,2,-1,0,1
0022301200,1,524.0,2684.0,4,1,2,-1,0,1
0022301200,1,512.0,2672.0,4,1,2,-1,0,1
0022301200,1,510.0,2670.0,4,1,2,-1,1,1
0022301200,1,510.0,2670.0,4,1,2,-1,1,1
0022301200,1,510.0,2670.0,4,1,2,-1,1,1
0022301200,1,509.0,2669.0,4,1,2,-1,0,1
0022301200,1,509.0,2669.0,4,1,2,-1,0,1
0022301200,1,507.0,2667.0,4,1,2,-1,0,1
0022301200,1,496.0,2656.0,4,1,2,-1,0,1
0022301200,1,496.0,2656.0,4,1,2,-1,1,1
0022301200,1,490.0,2650.0,4,1,2,-1,1,1
0022301200,1,490.0,2650.0,4,1,2,-1,0,1
0022301200,1,479.0,2639.0,4,2,2,0,0,1
0022301200,1,479.0,2639.0,4,2,2,0,0,1
0022301200,1,474.0,2634.0,4,3,2,1,0,1
0022301200,1,474.0,2634.0,3,3,2,1,0,1
0022301200,1,474.0,2634.0,3,3,2,1,0,1
0022301200,1,474.0,2634.0,2,3,2,1,0,1
0022301200,1,458.0,2618.0,4,3,2,1,1,1
0022301200,1,442.0,2602.0,4,3,2,1,0,1
0022301200,1,442.0,2602.0,4,3,2,1,0,1
0022301200,1,438.0,2598.0,6,3,2,1,1,1
0022301200,1,430.0,2590.0,6,3,2,1,0,1
0022301200,1,430.0,2590.0,6,3,2,1,0,1
0022301200,1,429.0,2589.0,8,3,2,1,1,1
0022301200,1,429.0,2589.0,8,3,2,1,1,1
0022301200,1,429.0,2589.0,8,3,2,1,1,1
0022301200,1,410.0,2570.0,8,3,2,1,0,1
0022301200,1,406.0,2566.0,8,3,2,1,0,1
0022301200,1,403.0,2563.0,8,3,2,1,0,1
0022301200,1,401.0,2561.0,8,3,2,1,0,1
0022301200,1,397.0,2557.0,5,3,2,1,0,1
0022301200,1,379.0,2539.0,5,3,3,0,0,1
0022301200,1,379.0,2539.0,6,3,3,0,1,1
0022301200,1,379.0,2539.0,7,3,3,0,1,1
0022301200,1,368.0,2528.0,7,3,3,0,0,1
0022301200,1,364.0,2524.0,7,3,3,0,1,1
0022301200,1,357.0,2517.0,9,3,3,0,1,1
0022301200,1,352.0,2512.0,9,3,3,0,1,1
0022301200,1,338.0,2498.0,9,3,3,0,0,1
0022301200,1,335.0,2495.0,9,3,3,0,1,1
0022301200,1,331.0,2491.0,9,3,3,0,1,1
0022301200,1,328.0,2488.0,9,3,3,0,0,1
0022301200,1,321.0,2481.0,9,4,3,1,0,1
0022301200,1,321.0,2481.0,9,4,3,1,0,1
0022301200,1,309.0,2469.0,9,4,3,1,0,1
0022301200,1,309.0,2469.0,9,4,3,1,0,1
0022301200,1,305.0,2465.0,9,4,3,1,1,1
0022301200,1,305.0,2465.0,9,4,3,1,1,1
0022301200,1,300.0,2460.0,9,4,3,1,0,1
0022301200,1,296.0,2456.0,9,4,3,1,1,1
0022301200,1,283.0,2443.0,12,4,3,1,1,1
0022301200,1,258.0,2418.0,12,4,3,1,0,1
0022301200,1,253.0,2413.0,12,4,3,1,1,1
0022301200,1,245.0,2405.0,12,4,3,1,1,1
0022301200,1,241.0,2401.0,12,4,3,1,0,1
0022301200,1,236.0,2396.0,12,4,3,1,0,1
0022301200,1,232.0,2392.0,12,4,3,1,1,1
0022301200,1,225.0,2385.0,14,4,3,1,1,1
0022301200,1,208.0,2368.0,14,4,3,1,0,1
0022301200,1,204.0,2364.0,14,4,3,1,0,1
0022301200,1,202.0,2362.0,12,4,3,1,0,1
0022301200,1,186.0,2346.0,12,4,3,1,1,1
0022301200,1,184.0,2344.0,12,4,3,1,0,1
0022301200,1,179.0,2339.0,12,4,3,1,0,1
0022301200,1,175.0,2335.0,12,4,3,1,1,1
0022301200,1,166.0,2326.0,14,4,3,1,1,1
0022301200,1,146.0,2306.0,14,4,3,1,0,1
0022301200,1,144.0,2304.0,14,4,3,1,1,1
0022301200,1,141.0,2301.0,16,4,3,1,1,1
0022301200,1,121.0,2281.0,16,4,3,1,0,1
0022301200,1,121.0,2281.0,16,4,3,1,1,1
0022301200,1,121.0,2281.0,16,4,3,1,1,1
0022301200,1,121.0,2281.0,16,4,3,1,1,1
0022301200,1,121.0,2281.0,16,4,3,1,1,1
0022301200,1,121.0,2281.0,16,4,3,1,1,1
0022301200,1,99.0,2259.0,16,4,3,1,1,1
0022301200,1,99.0,2259.0,16,4,3,1,1,1
0022301200,1,87.0,2247.0,16,4,3,1,0,1
0022301200,1,87.0,2247.0,16,4,3,1,0,1
0022301200,1,85.0,2245.0,16,4,4,0,0,1
0022301200,1,76.0,2236.0,16,4,4,0,1,1
0022301200,1,76.0,2236.0,16,4,4,0,1,1
0022301200,1,66.0,2226.0,16,4,4,0,0,1
0022301200,1,61.0,2221.0,16,4,4,0,0,1
0022301200,1,60.0,2220.0,14,4,4,0,0,1
0022301200,1,60.0,2220.0,14,5,4,1,0,1
0022301200,1,60.0,2220.0,13,5,4,1,0,1
0022301200,1,50.4,2210.4,13,5,4,1,1,1
0022301200,1,50.3,2210.3,13,5,4,1,1,1
0022301200,1,50.3,2210.3,13,5,5,0,1,1
0022301200,1,50.3,2210.3,14,5,5,0,1,1
0022301200,1,50.3,2210.3,14,5,5,0,1,1
0022301200,1,50.3,2210.3,14,5,5,0,1,1
0022301200,1,47.5,2207.5,14,5,5,0,0,1
0022301200,1,32.7,2192.7,12,5,5,0,0,1
0022301200,1,19.2,2179.2,12,5,5,0,1,1
0022301200,1,15.5,2175.5,12,5,5,0,0,1
0022301200,1,1.6,2161.6,12,5,5,0,0,1
0022301200,1,1.6,2161.6,12,5,5,0,0,1
0022301200,1,0.0,2160.0,12,5,5,0,0,1
0022301200,2,720.0,2160.0,12,5,5,0,0,1
0022301200,2,713.0,2153.0,12,5,5,0,1,1
0022301200,2,710.0,2150.0,12,5,5,0,1,1
0022301200,2,709.0,2149.0,12,5,5,0,1,1
0022301200,2,709.0,2149.0,12,5,5,0,1,1
0022301200,2,708.0,2148.0,12,5,5,0,0,1
0022301200,2,693.0,2133.0,12,5,5,0,0,1
0022301200,2,689.0,2129.0,12,5,5,0,1,1
0022301200,2,684.0,2124.0,12,5,5,0,1,1
0022301200,2,680.0,2120.0,12,5,5,0,0,1
0022301200,2,671.0,2111.0,12,5,5,0,0,1
0022301200,2,667.0,2107.0,12,5,5,0,1,1
0022301200,2,653.0,2093.0,12,5,5,0,1,1
0022301200,2,650.0,2090.0,12,5,5,0,0,1
0022301200,2,637.0,2077.0,12,5,5,0,0,1
0022301200,2,633.0,2073.0,12,5,5,0,1,1
0022301200,2,628.0,2068.0,15,5,5,0,1,1
0022301200,2,617.0,2057.0,15,6,5,1,1,1
0022301200,2,607.0,2047.0,15,6,5,1,0,1
0022301200,2,598.0,2038.0,17,6,5,1,1,1
0022301200,2,579.0,2019.0,17,6,5,1,0,1
0022301200,2,579.0,2019.0,17,6,5,1,0,1
0022301200,2,577.0,2017.0,17,6,5,1,1,1
0022301200,2,573.0,2013.0,20,6,5,1,1,1
0022301200,2,571.0,2011.0,20,6,5,1,1,1
0022301200,2,571.0,2011.0,20,6,5,1,1,1
0022301200,2,571.0,2011.0,20,6,5,1,1,1
0022301200,2,556.0,1996.0,20,6,5,1,0,1
0022301200,2,555.0,1995.0,20,6,5,1,0,1
0022301200,2,554.0,1994.0,18,6,5,1,0,1
0022301200,2,540.0,1980.0,20,6,5,1,1,1
0022301200,2,520.0,1960.0,18,6,5,1,0,1
0022301200,2,507.0,1947.0,18,6,5,1,1,1
0022301200,2,505.0,1945.0,18,6,5,1,0,1
0022301200,2,497.0,1937.0,18,6,5,1,0,1
0022301200,2,497.0,1937.0,18,6,5,1,0,1
0022301200,2,489.0,1929.0,21,6,5,1,1,1
0022301200,2,469.0,1909.0,21,6,5,1,0,1
0022301200,2,466.0,1906.0,21,6,5,1,1,1
0022301200,2,465.0,1905.0,21,6,5,1,1,1
0022301200,2,461.0,1901.0,21,6,5,1,1,1
0022301200,2,453.0,1893.0,21,6,5,1,1,1
0022301200,2,450.0,1890.0,21,6,5,1,0,1
0022301200,2,444.0,1884.0,18,6,5,1,0,1
0022301200,2,442.0,1882.0,18,6,5,1,0,1
0022301200,2,442.0,1882.0,18,6,5,1,0,1
0022301200,2,442.0,1882.0,18,6,5,1,0,1
0022301200,2,442.0,1882.0,18,6,5,1,0,1
0022301200,2,442.0,1882.0,18,6,5,1,0,1
0022301200,2,442.0,1882.0,18,6,5,1,0,1
0022301200,2,428.0,1868.0,18,6,5,1,1,1
0022301200,2,425.0,1865.0,18,6,5,1,1,1
0022301200,2,416.0,1856.0,21,6,5,1,1,1
0022301200,2,396.0,1836.0,21,6,5,1,0,1
0022301200,2,392.0,1832.0,21,6,5,1,1,1
0022301200,2,382.0,1822.0,23,6,5,1,1,1
0022301200,2,364.0,1804.0,23,6,5,1,0,1
0022301200,2,362.0,1802.0,23,6,5,1,1,1
0022301200,2,350.0,1790.0,23,6,5,1,1,1
0022301200,2,345.0,1785.0,23,6,5,1,0,1
0022301200,2,340.0,1780.0,23,6,5,1,0,1
0022301200,2,340.0,1780.0,23,6,5,1,0,1
0022301200,2,324.0,1764.0,26,6,5,1,1,1
0022301200,2,305.0,1745.0,26,6,5,1,0,1
0022301200,2,301.0,1741.0,26,6,5,1,1,1
0022301200,2,292.0,1732.0,28,6,5,1,1,1
0022301200,2,270.0,1710.0,26,6,5,1,0,1
0022301200,2,250.0,1690.0,26,6,5,1,1,1
0022301200,2,250.0,1690.0,26,6,5,1,1,1
0022301200,2,244.0,1684.0,26,6,5,1,1,1
0022301200,2,244.0,1684.0,26,6,5,1,1,1
0022301200,2,244.0,1684.0,26,6,5,1,1,1
0022301200,2,230.0,1670.0,24,6,5,1,0,1
0022301200,2,221.0,1661.0,27,6,5,1,1,1
0022301200,2,205.0,1645.0,27,6,5,1,0,1
0022301200,2,203.0,1643.0,27,6,5,1,0,1
0022301200,2,202.0,1642.0,27,6,5,1,0,1
0022301200,2,199.0,1639.0,27,6,5,1,1,1
0022301200,2,196.0,1636.0,27,6,5,1,1,1
0022301200,2,193.0,1633.0,27,6,5,1,0,1
0022301200,2,184.0,1624.0,25,6,5,1,0,1
0022301200,2,176.0,1616.0,25,6,5,1,1,1
0022301200,2,174.0,1614.0,25,6,5,1,0,1
0022301200,2,173.0,1613.0,25,6,5,1,0,1
0022301200,2,173.0,1613.0,25,6,5,1,0,1
0022301200,2,166.0,1606.0,25,6,5,1,1,1
0022301200,2,166.0,1606.0,25,6,5,1,1,1
0022301200,2,160.0,1600.0,23,6,5,1,0,1
0022301200,2,142.0,1582.0,23,6,6,0,0,1
0022301200,2,142.0,1582.0,24,6,6,0,1,1
0022301200,2,142.0,1582.0,24,6,6,0,1,1
0022301200,2,142.0,1582.0,24,6,6,0,1,1
0022301200,2,142.0,1582.0,25,6,6,0,1,1
0022301200,2,128.0,1568.0,25,6,6,0,0,1
0022301200,2,128.0,1568.0,25,6,6,0,1,1
0022301200,2,120.0,1560.0,25,6,6,0,1,1
0022301200,2,117.0,1557.0,25,6,6,0,0,1
0022301200,2,113.0,1553.0,23,6,6,0,0,1
0022301200,2,103.0,1543.0,25,6,6,0,1,1
0022301200,2,90.0,1530.0,25,6,6,0,0,1
0022301200,2,86.0,1526.0,25,6,6,0,1,1
0022301200,2,74.0,1514.0,28,6,6,0,1,1
0022301200,2,57.7,1497.7,26,6,6,0,0,1
0022301200,2,49.3,1489.3,26,6,6,0,1,1
0022301200,2,45.8,1485.8,26,6,6,0,0,1
0022301200,2,33.7,1473.7,26,7,6,1,0,1
0022301200,2,27.8,1467.8,26,7,6,1,0,1
0022301200,2,25.2,1465.2,26,7,6,1,1,1
0022301200,2,4.0,1444.0,28,7,6,1,1,1
0022301200,2,0.0,1440.0,28,7,6,1,0,1
0022301200,2,0.0,1440.0,28,7,6,1,0,1
0022301200,2,0.0,1440.0,28,7,6,1,0,1
0022301200,3,720.0,1440.0,28,7,6,1,0,1
0022301200,3,707.0,1427.0,30,7,6,1,1,1
0022301200,3,685.0,1405.0,30,7,7,0,1,1
0022301200,3,685.0,1405.0,30,7,7,0,0,1
0022301200,3,672.0,1392.0,30,7,7,0,1,1
0022301200,3,669.0,1389.0,30,7,7,0,0,1
0022301200,3,660.0,1380.0,28,7,7,0,0,1
0022301200,3,647.0,1367.0,30,7,7,0,1,1
0022301200,3,622.0,1342.0,30,7,7,0,0,1
0022301200,3,619.0,1339.0,30,7,7,0,0,1
0022301200,3,617.0,1337.0,30,7,7,0,0,1
0022301200,3,614.0,1334.0,30,7,7,0,0,1
0022301200,3,604.0,1324.0,30,8,7,1,0,1
0022301200,3,604.0,1324.0,29,8,7,1,0,1
0022301200,3,604.0,1324.0,29,8,7,1,0,1
0022301200,3,602.0,1322.0,29,8,7,1,1,1
0022301200,3,586.0,1306.0,31,8,7,1,1,1
0022301200,3,571.0,1291.0,31,8,7,1,0,1
0022301200,3,571.0,1291.0,31,8,7,1,0,1
0022301200,3,571.0,1291.0,31,8,7,1,0,1
0022301200,3,561.0,1281.0,29,8,7,1,0,1
0022301200,3,550.0,1270.0,29,8,7,1,1,1
0022301200,3,544.0,1264.0,29,8,7,1,0,1
0022301200,3,537.0,1257.0,29,8,7,1,0,1
0022301200,3,534.0,1254.0,29,8,7,1,0,1
0022301200,3,523.0,1243.0,29,8,7,1,0,1
0022301200,3,523.0,1243.0,29,8,7,1,0,1
0022301200,3,521.0,1241.0,29,8,7,1,1,1
0022301200,3,512.0,1232.0,29,8,7,1,1,1
0022301200,3,508.0,1228.0,29,8,7,1,1,1
0022301200,3,500.0,1220.0,29,8,7,1,1,1
0022301200,3,496.0,1216.0,29,8,7,1,0,1
0022301200,3,490.0,1210.0,26,8,7,1,0,1
0022301200,3,488.0,1208.0,26,8,7,1,0,1
0022301200,3,488.0,1208.0,26,8,7,1,0,1
0022301200,3,488.0,1208.0,26,8,7,1,0,1
0022301200,3,475.0,1195.0,29,8,7,1,1,1
0022301200,3,457.0,1177.0,26,8,7,1,0,1
0022301200,3,437.0,1157.0,26,8,7,1,1,1
0022301200,3,437.0,1157.0,26,8,7,1,1,1
0022301200,3,432.0,1152.0,26,8,7,1,0,1
0022301200,3,432.0,1152.0,26,8,7,1,0,1
0022301200,3,422.0,1142.0,26,8,7,1,1,1
0022301200,3,417.0,1137.0,26,8,7,1,0,1
0022301200,3,398.0,1118.0,26,8,7,1,0,1
0022301200,3,395.0,1115.0,26,8,7,1,1,1
0022301200,3,394.0,1114.0,26,8,8,0,1,1
0022301200,3,394.0,1114.0,27,8,8,0,1,1
0022301200,3,394.0,1114.0,27,8,8,0,1,1
0022301200,3,394.0,1114.0,28,8,8,0,1,1
0022301200,3,383.0,1103.0,28,8,8,0,0,1
0022301200,3,381.0,1101.0,28,8,8,0,0,1
0022301200,3,380.0,1100.0,26,8,8,0,0,1
0022301200,3,364.0,1084.0,26,9,8,1,0,1
0022301200,3,364.0,1084.0,26,9,8,1,1,1
0022301200,3,364.0,1084.0,26,9,8,1,1,1
0022301200,3,348.0,1068.0,26,9,8,1,0,1
0022301200,3,347.0,1067.0,26,9,8,1,0,1
0022301200,3,345.0,1065.0,26,9,8,1,0,1
0022301200,3,344.0,1064.0,26,9,8,1,1,1
0022301200,3,334.0,1054.0,28,9,8,1,1,1
0022301200,3,324.0,1044.0,26,9,8,1,0,1
0022301200,3,313.0,1033.0,26,9,9,0,0,1
0022301200,3,299.0,1019.0,28,9,9,0,1,1
0022301200,3,286.0,1006.0,28,9,9,0,0,1
0022301200,3,285.0,1005.0,28,9,9,0,1,1
0022301200,3,285.0,1005.0,28,9,10,-1,1,1
0022301200,3,285.0,1005.0,29,9,10,-1,1,1
0022301200,3,285.0,1005.0,30,9,10,-1,1,1
0022301200,3,285.0,1005.0,30,9,10,-1,1,1
0022301200,3,285.0,1005.0,30,9,10,-1,1,1
0022301200,3,266.0,986.0,30,9,10,-1,1,1
0022301200,3,261.0,981.0,30,9,10,-1,1,1
0022301200,3,258.0,978.0,33,9,10,-1,1,1
0022301200,3,245.0,965.0,33,10,10,0,1,1
0022301200,3,245.0,965.0,33,10,10,0,0,1
0022301200,3,245.0,965.0,33,10,10,0,0,1
0022301200,3,245.0,965.0,33,10,10,0,0,1
0022301200,3,245.0,965.0,33,10,10,0,0,1
0022301200,3,245.0,965.0,32,10,10,0,0,1
0022301200,3,234.0,954.0,32,10,10,0,1,1
0022301200,3,231.0,951.0,32,10,10,0,1,1
0022301200,3,225.0,945.0,34,10,10,0,1,1
0022301200,3,209.0,929.0,34,10,10,0,0,1
0022301200,3,199.0,919.0,34,10,10,0,1,1
0022301200,3,198.0,918.0,34,10,11,-1,1,1
0022301200,3,198.0,918.0,35,10,11,-1,1,1
0022301200,3,198.0,918.0,36,10,11,-1,1,1
0022301200,3,198.0,918.0,36,10,11,-1,1,1
0022301200,3,186.0,906.0,34,10,11,-1,0,1
0022301200,3,175.0,895.0,34,10,11,-1,1,1
0022301200,3,173.0,893.0,34,10,11,-1,1,1
0022301200,3,171.0,891.0,36,10,11,-1,1,1
0022301200,3,161.0,881.0,36,10,11,-1,0,1
0022301200,3,158.0,878.0,36,10,11,-1,1,1
0022301200,3,139.0,859.0,36,10,11,-1,1,1
0022301200,3,136.0,856.0,36,10,11,-1,1,1
0022301200,3,135.0,855.0,39,10,11,-1,1,1
0022301200,3,133.0,853.0,39,10,11,-1,1,1
0022301200,3,133.0,853.0,39,10,11,-1,1,1
0022301200,3,133.0,853.0,39,10,11,-1,1,1
0022301200,3,133.0,853.0,39,10,11,-1,1,1
0022301200,3,111.0,831.0,37,10,11,-1,0,1
0022301200,3,98.0,818.0,37,10,12,-2,0,1
0022301200,3,98.0,818.0,37,10,12,-2,1,1
0022301200,3,98.0,818.0,37,10,12,-2,1,1
0022301200,3,98.0,818.0,38,10,12,-2,1,1
0022301200,3,84.0,804.0,38,10,12,-2,0,1
0022301200,3,84.0,804.0,38,10,12,-2,0,1
0022301200,3,80.0,800.0,38,10,12,-2,0,1
0022301200,3,77.0,797.0,38,10,12,-2,0,1
0022301200,3,65.0,785.0,38,10,13,-3,0,1
0022301200,3,65.0,785.0,39,10,13,-3,1,1
0022301200,3,65.0,785.0,40,10,13,-3,1,1
0022301200,3,47.6,767.6,40,10,13,-3,0,1
0022301200,3,45.2,765.2,40,10,13,-3,1,1
0022301200,3,29.8,749.8,40,10,14,-4,1,1
0022301200,3,29.8,749.8,41,10,14,-4,1,1
0022301200,3,29.8,749.8,42,10,14,-4,1,1
0022301200,3,20.1,740.1,42,11,14,-3,1,1
0022301200,3,20.1,740.1,42,11,14,-3,0,1
0022301200,3,20.1,740.1,42,11,14,-3,0,1
0022301200,3,20.1,740.1,41,11,14,-3,0,1
0022301200,3,3.8,723.8,41,11,14,-3,1,1
0022301200,3,0.1,720.1,41,11,14,-3,1,1
0022301200,3,0.0,720.0,41,11,14,-3,1,1
0022301200,3,0.0,720.0,41,11,14,-3,1,1
0022301200,3,0.0,720.0,41,11,14,-3,1,1
0022301200,4,720.0,720.0,41,11,14,-3,1,1
0022301200,4,701.0,701.0,41,11,14,-3,0,1
0022301200,4,697.0,697.0,41,11,14,-3,1,1
0022301200,4,691.0,691.0,41,11,14,-3,1,1
0022301200,4,686.0,686.0,41,11,14,-3,0,1
0022301200,4,682.0,682.0,41,11,14,-3,0,1
0022301200,4,679.0,679.0,41,11,14,-3,0,1
0022301200,4,677.0,677.0,41,11,14,-3,0,1
0022301200,4,673.0,673.0,41,11,14,-3,1,1
0022301200,4,661.0,661.0,41,11,14,-3,1,1
0022301200,4,657.0,657.0,41,11,14,-3,0,1
0022301200,4,654.0,654.0,41,12,14,-2,0,1
0022301200,4,649.0,649.0,41,12,14,-2,0,1
0022301200,4,637.0,637.0,41,12,14,-2,1,1
0022301200,4,636.0,636.0,41,12,14,-2,1,1
0022301200,4,636.0,636.0,41,12,15,-3,1,1
0022301200,4,636.0,636.0,41,12,15,-3,1,1
0022301200,4,636.0,636.0,41,12,15,-3,1,1
0022301200,4,636.0,636.0,41,12,15,-3,1,1
0022301200,4,636.0,636.0,42,12,15,-3,1,1
0022301200,4,615.0,615.0,42,12,15,-3,0,1
0022301200,4,615.0,615.0,42,12,15,-3,0,1
0022301200,4,610.0,610.0,44,12,15,-3,1,1
0022301200,4,594.0,594.0,44,12,15,-3,0,1
0022301200,4,590.0,590.0,44,12,15,-3,1,1
0022301200,4,580.0,580.0,44,12,15,-3,1,1
0022301200,4,577.0,577.0,44,12,15,-3,0,1
0022301200,4,572.0,572.0,44,12,15,-3,0,1
0022301200,4,571.0,571.0,44,12,15,-3,0,1
0022301200,4,570.0,570.0,42,12,15,-3,0,1
0022301200,4,557.0,557.0,42,12,16,-4,0,1
0022301200,4,557.0,557.0,42,12,16,-4,0,1
0022301200,4,552.0,552.0,42,12,17,-5,0,1
0022301200,4,544.0,544.0,42,12,17,-5,1,1
0022301200,4,544.0,544.0,42,12,17,-5,0,1
0022301200,4,528.0,528.0,42,12,17,-5,0,1
0022301200,4,528.0,528.0,42,12,17,-5,0,1
0022301200,4,519.0,519.0,42,12,17,-5,1,1
0022301200,4,508.0,508.0,40,12,17,-5,0,1
0022301200,4,496.0,496.0,40,12,17,-5,1,1
0022301200,4,496.0,496.0,40,12,17,-5,1,1
0022301200,4,495.0,495.0,40,12,17,-5,0,1
0022301200,4,487.0,487.0,40,13,17,-4,0,1
0022301200,4,487.0,487.0,40,13,17,-4,0,1
0022301200,4,472.0,472.0,40,13,17,-4,0,1
0022301200,4,472.0,472.0,40,13,17,-4,0,1
0022301200,4,471.0,471.0,40,13,17,-4,0,1
0022301200,4,455.0,455.0,42,13,17,-4,1,1
0022301200,4,446.0,446.0,42,13,17,-4,0,1
0022301200,4,445.0,445.0,42,13,17,-4,0,1
0022301200,4,445.0,445.0,42,14,17,-3,0,1
0022301200,4,441.0,441.0,42,14,17,-3,0,1
0022301200,4,425.0,425.0,42,14,17,-3,1,1
0022301200,4,421.0,421.0,42,14,17,-3,1,1
0022301200,4,420.0,420.0,42,14,17,-3,1,1
0022301200,4,420.0,420.0,42,14,17,-3,0,1
0022301200,4,411.0,411.0,42,14,17,-3,0,1
0022301200,4,406.0,406.0,42,14,17,-3,0,1
0022301200,4,404.0,404.0,42,14,17,-3,0,1
0022301200,4,401.0,401.0,42,14,17,-3,1,1
0022301200,4,390.0,390.0,42,14,17,-3,1,1
0022301200,4,386.0,386.0,42,14,17,-3,0,1
0022301200,4,380.0,380.0,42,15,17,-2,0,1
0022301200,4,380.0,380.0,42,15,17,-2,0,1
0022301200,4,380.0,380.0,42,15,17,-2,0,1
0022301200,4,367.0,367.0,40,15,17,-2,0,1
0022301200,4,352.0,352.0,40,15,17,-2,1,1
0022301200,4,352.0,352.0,40,15,17,-2,1,1
0022301200,4,347.0,347.0,40,15,17,-2,0,1
0022301200,4,342.0,342.0,40,15,17,-2,0,1
0022301200,4,339.0,339.0,40,15,17,-2,0,1
0022301200,4,334.0,334.0,40,15,17,-2,1,1
0022301200,4,327.0,327.0,40,15,17,-2,1,1
0022301200,4,327.0,327.0,40,15,17,-2,1,1
0022301200,4,323.0,323.0,38,15,17,-2,0,1
0022301200,4,309.0,309.0,38,15,17,-2,1,1
0022301200,4,309.0,309.0,38,15,17,-2,1,1
0022301200,4,299.0,299.0,38,15,17,-2,0,1
0022301200,4,298.0,298.0,38,15,17,-2,0,1
0022301200,4,293.0,293.0,35,15,17,-2,0,1
0022301200,4,287.0,287.0,35,15,17,-2,1,1
0022301200,4,286.0,286.0,35,15,17,-2,1,1
0022301200,4,285.0,285.0,37,15,17,-2,1,1
0022301200,4,267.0,267.0,37,15,17,-2,0,1
0022301200,4,265.0,265.0,37,15,17,-2,1,1
0022301200,4,257.0,257.0,37,15,18,-3,1,1
0022301200,4,257.0,257.0,38,15,18,-3,1,1
0022301200,4,257.0,257.0,38,15,18,-3,1,1
0022301200,4,257.0,257.0,38,15,18,-3,1,1
0022301200,4,253.0,253.0,38,15,18,-3,0,1
0022301200,4,244.0,244.0,38,16,18,-2,0,1
0022301200,4,244.0,244.0,37,16,18,-2,0,1
0022301200,4,244.0,244.0,36,16,18,-2,0,1
0022301200,4,226.0,226.0,36,16,18,-2,1,1
0022301200,4,223.0,223.0,36,16,18,-2,0,1
0022301200,4,218.0,218.0,36,16,18,-2,0,1
0022301200,4,218.0,218.0,36,17,18,-1,0,1
0022301200,4,218.0,218.0,35,17,18,-1,0,1
0022301200,4,218.0,218.0,35,17,18,-1,0,1
0022301200,4,218.0,218.0,35,17,18,-1,0,1
0022301200,4,218.0,218.0,34,17,18,-1,0,1
0022301200,4,210.0,210.0,34,17,19,-2,0,1
0022301200,4,210.0,210.0,34,17,19,-2,0,1
0022301200,4,210.0,210.0,34,17,19,-2,0,1
0022301200,4,210.0,210.0,34,17,19,-2,0,1
0022301200,4,210.0,210.0,35,17,19,-2,1,1
0022301200,4,210.0,210.0,36,17,19,-2,1,1
0022301200,4,204.0,204.0,38,17,19,-2,1,1
0022301200,4,186.0,186.0,36,17,19,-2,0,1
0022301200,4,169.0,169.0,36,18,19,-1,0,1
0022301200,4,169.0,169.0,36,18,19,-1,1,1
0022301200,4,169.0,169.0,36,18,19,-1,1,1
0022301200,4,153.0,153.0,33,18,19,-1,0,1
0022301200,4,137.0,137.0,33,18,19,-1,1,1
0022301200,4,132.0,132.0,33,18,19,-1,0,1
0022301200,4,129.0,129.0,33,18,19,-1,0,1
0022301200,4,129.0,129.0,33,18,19,-1,0,1
0022301200,4,128.0,128.0,33,18,19,-1,0,1
0022301200,4,125.0,125.0,33,18,19,-1,0,1
0022301200,4,123.0,123.0,33,18,19,-1,1,1
0022301200,4,121.0,121.0,33,18,19,-1,1,1
0022301200,4,120.0,120.0,33,18,19,-1,1,1
0022301200,4,119.0,119.0,35,18,19,-1,1,1
0022301200,4,110.0,110.0,32,18,19,-1,0,1
0022301200,4,99.0,99.0,34,18,19,-1,1,1
0022301200,4,89.0,89.0,34,19,19,0,1,1
0022301200,4,89.0,89.0,34,19,19,0,0,1
0022301200,4,89.0,89.0,34,19,19,0,0,1
0022301200,4,89.0,89.0,33,19,19,0,0,1
0022301200,4,73.0,73.0,35,19,19,0,1,1
0022301200,4,67.0,67.0,35,19,19,0,0,1
0022301200,4,63.0,63.0,35,19,19,0,1,1
0022301200,4,51.1,51.1,37,19,19,0,1,1
0022301200,4,33.6,33.6,37,19,19,0,0,1
0022301200,4,29.7,29.7,37,19,19,0,1,1
0022301200,4,10.1,10.1,39,19,19,0,1,1
0022301200,4,0.0,0.0,39,19,19,0,1,1
